kds-point-relaxed-k1-s1-r0 load 1.39->1.33 stmts=115134 errors=0 refusals=0 client_bound=False cores=['0.0'] stmt/s=14487.5 p50=65.1
kds-point-relaxed-k1-s1-r1 load 1.33->1.34 stmts=115967 errors=0 refusals=0 client_bound=False cores=['0.0'] stmt/s=14521.1 p50=65.1
kds-point-relaxed-k1-s1-r2 load 1.34->1.34 stmts=115484 errors=0 refusals=0 client_bound=False cores=['0.0'] stmt/s=14600.4 p50=64.9
kds-point-relaxed-k1-s2-r0 load 1.34->1.59 stmts=189375 errors=0 refusals=0 client_bound=False cores=['0.0'] stmt/s=23671.7 p50=79.8
kds-point-relaxed-k1-s2-r1 load 1.50->1.40 stmts=190497 errors=0 refusals=0 client_bound=False cores=['0.0'] stmt/s=23812.1 p50=79.6
kds-point-relaxed-k1-s2-r2 load 1.40->1.57 stmts=188907 errors=0 refusals=0 client_bound=False cores=['0.0'] stmt/s=23775.6 p50=79.5
kds-point-relaxed-k1-s4-r0 load 1.44->1.84 stmts=351590 errors=0 refusals=0 client_bound=False cores=['0.0'] stmt/s=44357.7 p50=88.6
kds-point-relaxed-k1-s4-r1 load 1.43->1.73 stmts=359795 errors=0 refusals=0 client_bound=False cores=['0.0'] stmt/s=45089.2 p50=86.5
kds-point-relaxed-k1-s4-r2 load 1.46->1.91 stmts=355035 errors=0 refusals=0 client_bound=False cores=['0.0'] stmt/s=44842.5 p50=87.1
kds-point-relaxed-k1-s8-r0 load 1.44->1.81 stmts=353188 errors=0 refusals=0 client_bound=False cores=['0.0'] stmt/s=44670.7 p50=168.9
kds-point-relaxed-k1-s8-r1 load 1.41->2.19 stmts=350427 errors=0 refusals=0 client_bound=False cores=['0.0'] stmt/s=44236.1 p50=170.9
kds-point-relaxed-k1-s8-r2 load 1.50->2.23 stmts=354110 errors=0 refusals=0 client_bound=False cores=['0.0'] stmt/s=44780.9 p50=168.6
kds-point-relaxed-k1-s16-r0 load 1.43->2.66 stmts=347861 errors=0 refusals=0 client_bound=False cores=['0.0'] stmt/s=43436.3 p50=402.1
kds-point-relaxed-k1-s16-r1 load 1.41->2.27 stmts=345707 errors=0 refusals=0 client_bound=False cores=['0.0'] stmt/s=43333.2 p50=412.0
kds-point-relaxed-k1-s16-r2 load 1.41->2.33 stmts=347118 errors=0 refusals=0 client_bound=False cores=['0.0'] stmt/s=43408.8 p50=411.0
kds-point-relaxed-k2-s1-r0 load 1.41->1.35 stmts=114098 errors=0 refusals=0 client_bound=False cores=['1.0'] stmt/s=14262.2 p50=66.0
kds-point-relaxed-k2-s1-r1 load 1.35->1.50 stmts=114221 errors=0 refusals=0 client_bound=False cores=['0.0'] stmt/s=14350.7 p50=65.8
kds-point-relaxed-k2-s1-r2 load 1.50->1.32 stmts=113034 errors=0 refusals=0 client_bound=False cores=['0.0'] stmt/s=14242.3 p50=66.4
kds-point-relaxed-k2-s2-r0 load 1.32->1.33 stmts=182751 errors=0 refusals=0 client_bound=False cores=['1.0'] stmt/s=22843.8 p50=82.3
kds-point-relaxed-k2-s2-r1 load 1.33->1.62 stmts=183783 errors=0 refusals=0 client_bound=False cores=['0.0'] stmt/s=23105.9 p50=80.9
kds-point-relaxed-k2-s2-r2 load 1.49->1.73 stmts=174097 errors=0 refusals=0 client_bound=False cores=['0.0', '1.0'] stmt/s=21762.0 p50=86.1
kds-point-relaxed-k2-s4-r0 load 1.46->1.98 stmts=358113 errors=0 refusals=0 client_bound=False cores=['0.0', '1.0'] stmt/s=44763.7 p50=82.9
kds-point-relaxed-k2-s4-r1 load 1.42->1.80 stmts=348288 errors=0 refusals=0 client_bound=False cores=['0.0', '1.0'] stmt/s=43535.8 p50=85.1
kds-point-relaxed-k2-s4-r2 load 1.40->1.71 stmts=336052 errors=0 refusals=0 client_bound=False cores=['0.0'] stmt/s=42458.8 p50=92.0
kds-point-relaxed-k2-s8-r0 load 1.47->2.63 stmts=480324 errors=0 refusals=0 client_bound=False cores=['0.0', '1.0'] stmt/s=60015.9 p50=110.8
kds-point-relaxed-k2-s8-r1 load 1.47->2.47 stmts=489373 errors=0 refusals=0 client_bound=False cores=['0.0', '1.0'] stmt/s=61147.9 p50=112.0
kds-point-relaxed-k2-s8-r2 load 1.50->3.15 stmts=477670 errors=0 refusals=0 client_bound=False cores=['0.0', '1.0'] stmt/s=59686.0 p50=111.5
kds-point-relaxed-k2-s16-r0 load 1.39->3.85 stmts=521695 errors=0 refusals=0 client_bound=False cores=['0.0', '1.0'] stmt/s=65133.3 p50=235.8
kds-point-relaxed-k2-s16-r1 load 1.50->3.70 stmts=531313 errors=0 refusals=0 client_bound=False cores=['0.0', '1.0'] stmt/s=66342.1 p50=229.2
kds-point-relaxed-k2-s16-r2 load 1.41->3.94 stmts=523358 errors=0 refusals=0 client_bound=False cores=['0.0', '1.0'] stmt/s=65347.3 p50=233.0
kds-point-relaxed-k4-s1-r0 load 1.41->1.40 stmts=112751 errors=0 refusals=0 client_bound=False cores=['3.0'] stmt/s=14093.9 p50=66.5
kds-point-relaxed-k4-s1-r1 load 1.40->1.50 stmts=110556 errors=0 refusals=0 client_bound=False cores=['0.0'] stmt/s=14013.8 p50=66.9
kds-point-relaxed-k4-s1-r2 load 1.50->1.55 stmts=112124 errors=0 refusals=0 client_bound=False cores=['2.0'] stmt/s=14015.5 p50=66.1
kds-point-relaxed-k4-s2-r0 load 1.45->1.59 stmts=133266 errors=0 refusals=0 client_bound=False cores=['1.0', '2.0'] stmt/s=16658.2 p50=112.8
kds-point-relaxed-k4-s2-r1 load 1.42->1.41 stmts=132306 errors=0 refusals=0 client_bound=False cores=['1.0', '2.0'] stmt/s=16538.4 p50=113.8
kds-point-relaxed-k4-s2-r2 load 1.41->1.73 stmts=133591 errors=0 refusals=0 client_bound=False cores=['0.0', '2.0'] stmt/s=16698.8 p50=112.7
kds-point-relaxed-k4-s4-r0 load 1.42->2.38 stmts=296126 errors=0 refusals=0 client_bound=False cores=['0.0', '2.0'] stmt/s=37015.2 p50=108.2
kds-point-relaxed-k4-s4-r1 load 1.42->2.03 stmts=330585 errors=0 refusals=0 client_bound=False cores=['0.0', '1.0', '2.0'] stmt/s=41323.1 p50=86.0
kds-point-relaxed-k4-s4-r2 load 1.39->1.86 stmts=186381 errors=0 refusals=0 client_bound=False cores=['2.0', '3.0'] stmt/s=23297.3 p50=160.2
kds-point-relaxed-k4-s8-r0 load 1.45->2.75 stmts=333778 errors=0 refusals=0 client_bound=False cores=['0.0', '1.0', '2.0', '3.0'] stmt/s=41703.1 p50=170.5
kds-point-relaxed-k4-s8-r1 load 1.45->2.55 stmts=305154 errors=0 refusals=0 client_bound=False cores=['0.0', '2.0', '3.0'] stmt/s=38112.9 p50=166.9
kds-point-relaxed-k4-s8-r2 load 1.42->2.91 stmts=335059 errors=0 refusals=0 client_bound=False cores=['0.0', '1.0', '2.0', '3.0'] stmt/s=41866.5 p50=151.4
kds-point-relaxed-k4-s16-r0 load 1.40->3.39 stmts=443993 errors=0 refusals=0 client_bound=False cores=['0.0', '1.0', '2.0', '3.0'] stmt/s=55434.5 p50=236.7
kds-point-relaxed-k4-s16-r1 load 1.39->3.15 stmts=443780 errors=0 refusals=0 client_bound=False cores=['0.0', '1.0', '2.0', '3.0'] stmt/s=55404.4 p50=196.5
kds-point-relaxed-k4-s16-r2 load 1.42->2.66 stmts=377594 errors=0 refusals=0 client_bound=False cores=['0.0', '1.0', '2.0', '3.0'] stmt/s=47140.5 p50=175.6
kds-point-group-k1-s1-r0 load 1.48->1.60 stmts=116242 errors=0 refusals=0 client_bound=False cores=['0.0'] stmt/s=14530.2 p50=64.9
kds-point-group-k1-s1-r1 load 1.47->1.40 stmts=114961 errors=0 refusals=0 client_bound=False cores=['0.0'] stmt/s=14370.1 p50=65.8
kds-point-group-k1-s1-r2 load 1.40->1.38 stmts=116216 errors=0 refusals=0 client_bound=False cores=['0.0'] stmt/s=14526.9 p50=65.0
kds-point-group-k1-s2-r0 load 1.38->1.38 stmts=189155 errors=0 refusals=0 client_bound=False cores=['0.0'] stmt/s=23644.4 p50=80.1
kds-point-group-k1-s2-r1 load 1.38->1.38 stmts=187688 errors=0 refusals=0 client_bound=False cores=['0.0'] stmt/s=23460.9 p50=80.5
kds-point-group-k1-s2-r2 load 1.38->1.38 stmts=192171 errors=0 refusals=0 client_bound=False cores=['0.0'] stmt/s=24021.3 p50=78.8
kds-point-group-k1-s4-r0 load 1.38->1.79 stmts=351349 errors=0 refusals=0 client_bound=False cores=['0.0'] stmt/s=43918.4 p50=89.3
kds-point-group-k1-s4-r1 load 1.47->2.18 stmts=344673 errors=0 refusals=0 client_bound=False cores=['0.0'] stmt/s=43083.9 p50=90.2
kds-point-group-k1-s4-r2 load 1.44->1.73 stmts=344781 errors=0 refusals=0 client_bound=False cores=['0.0'] stmt/s=43097.3 p50=89.7
restart Fri Oct  9 03:54:00 UTC 2026 max-load 6, cells with three runs skipped
kds-point-group-k1-s8-r0 load 1.35->2.05 stmts=348576 errors=0 refusals=0 client_bound=False cores=['0.0'] stmt/s=43554.8 p50=172.2
kds-point-group-k1-s8-r1 load 2.05->2.51 stmts=356154 errors=0 refusals=0 client_bound=False cores=['0.0'] stmt/s=44498.4 p50=169.3
kds-point-group-k1-s8-r2 load 2.47->3.16 stmts=356286 errors=0 refusals=0 client_bound=False cores=['0.0'] stmt/s=44517.6 p50=169.7
kds-point-group-k1-s16-r0 load 3.16->5.16 stmts=347404 errors=0 refusals=0 client_bound=False cores=['0.0'] stmt/s=43376.6 p50=409.6
kds-point-group-k1-s16-r1 load 5.16->5.56 stmts=351827 errors=0 refusals=0 client_bound=False cores=['0.0'] stmt/s=43923.8 p50=400.6
kds-point-group-k1-s16-r2 load 5.56->5.85 stmts=347706 errors=0 refusals=0 client_bound=False cores=['0.0'] stmt/s=43411.6 p50=406.6
kds-point-group-k2-s1-r0 load 5.85->4.86 stmts=113150 errors=0 refusals=0 client_bound=False cores=['1.0'] stmt/s=14143.8 p50=66.3
kds-point-group-k2-s1-r1 load 4.86->4.34 stmts=113461 errors=0 refusals=0 client_bound=False cores=['1.0'] stmt/s=14182.5 p50=65.9
kds-point-group-k2-s1-r2 load 4.34->3.60 stmts=111926 errors=0 refusals=0 client_bound=False cores=['0.0'] stmt/s=13990.7 p50=67.5
kds-point-group-k2-s2-r0 load 3.60->3.18 stmts=187055 errors=0 refusals=0 client_bound=False cores=['0.0'] stmt/s=23381.8 p50=80.6
kds-point-group-k2-s2-r1 load 3.18->3.01 stmts=187165 errors=0 refusals=0 client_bound=False cores=['1.0'] stmt/s=23395.6 p50=80.5
kds-point-group-k2-s2-r2 load 3.01->2.81 stmts=182927 errors=0 refusals=0 client_bound=False cores=['1.0'] stmt/s=22865.8 p50=81.7
kds-point-group-k2-s4-r0 load 2.81->2.97 stmts=356945 errors=0 refusals=0 client_bound=False cores=['0.0', '1.0'] stmt/s=44617.8 p50=82.9
kds-point-group-k2-s4-r1 load 2.97->3.35 stmts=355102 errors=0 refusals=0 client_bound=False cores=['0.0', '1.0'] stmt/s=44387.5 p50=83.8
kds-point-group-k2-s4-r2 load 3.35->3.44 stmts=355756 errors=0 refusals=0 client_bound=False cores=['0.0', '1.0'] stmt/s=44469.3 p50=83.5
kds-point-group-k2-s8-r0 load 3.44->4.13 stmts=484268 errors=0 refusals=0 client_bound=False cores=['0.0', '1.0'] stmt/s=60505.5 p50=110.7
kds-point-group-k2-s8-r1 load 4.13->4.53 stmts=475854 errors=0 refusals=0 client_bound=False cores=['0.0', '1.0'] stmt/s=59459.1 p50=112.3
kds-point-group-k2-s8-r2 load 4.53->4.91 stmts=471301 errors=0 refusals=0 client_bound=False cores=['0.0', '1.0'] stmt/s=58885.6 p50=124.3
kds-point-group-k2-s16-r0 load 4.91->6.59 stmts=525113 errors=0 refusals=0 client_bound=False cores=['0.0', '1.0'] stmt/s=65572.0 p50=234.5
kds-point-group-k2-s16-r1 load 5.73->7.36 stmts=522642 errors=0 refusals=0 client_bound=False cores=['0.0', '1.0'] stmt/s=65253.2 p50=234.7
kds-point-group-k2-s16-r2 load 5.73->7.46 stmts=523168 errors=0 refusals=0 client_bound=False cores=['0.0', '1.0'] stmt/s=65330.8 p50=234.2
kds-point-group-k4-s1-r0 load 5.95->5.34 stmts=111150 errors=0 refusals=0 client_bound=False cores=['0.0'] stmt/s=13893.7 p50=67.3
kds-point-group-k4-s1-r1 load 5.34->4.61 stmts=113269 errors=0 refusals=0 client_bound=False cores=['1.0'] stmt/s=14158.6 p50=66.1
kds-point-group-k4-s1-r2 load 4.61->3.81 stmts=113311 errors=0 refusals=0 client_bound=False cores=['0.0'] stmt/s=14163.9 p50=66.4
kds-point-group-k4-s2-r0 load 3.81->3.44 stmts=168569 errors=0 refusals=0 client_bound=False cores=['0.0', '3.0'] stmt/s=21070.9 p50=91.0
kds-point-group-k4-s2-r1 load 3.44->3.51 stmts=176743 errors=0 refusals=0 client_bound=False cores=['0.0', '3.0'] stmt/s=22092.7 p50=85.5
kds-point-group-k4-s2-r2 load 3.51->3.44 stmts=134136 errors=0 refusals=0 client_bound=False cores=['2.0', '3.0'] stmt/s=16767.1 p50=112.8
kds-point-group-k4-s4-r0 load 3.44->3.60 stmts=232697 errors=0 refusals=0 client_bound=False cores=['0.0', '2.0', '3.0'] stmt/s=29087.0 p50=122.3
kds-point-group-k4-s4-r1 load 3.60->3.73 stmts=287329 errors=0 refusals=0 client_bound=False cores=['0.0', '1.0', '2.0', '3.0'] stmt/s=35916.0 p50=97.0
kds-point-group-k4-s4-r2 load 3.73->3.61 stmts=166860 errors=0 refusals=0 client_bound=False cores=['2.0', '3.0'] stmt/s=20848.3 p50=128.0
kds-point-group-k4-s8-r0 load 3.61->4.20 stmts=351388 errors=0 refusals=0 client_bound=False cores=['0.0', '1.0', '2.0', '3.0'] stmt/s=43899.9 p50=154.1
kds-point-group-k4-s8-r1 load 4.20->4.56 stmts=328455 errors=0 refusals=0 client_bound=False cores=['0.0', '1.0', '2.0', '3.0'] stmt/s=41032.3 p50=139.9
kds-point-group-k4-s8-r2 load 4.27->5.08 stmts=310699 errors=0 refusals=0 client_bound=False cores=['0.0', '2.0', '3.0'] stmt/s=38816.3 p50=163.6
kds-point-group-k4-s16-r0 load 5.08->6.47 stmts=409298 errors=0 refusals=0 client_bound=False cores=['0.0', '1.0', '2.0', '3.0'] stmt/s=51086.0 p50=173.1
kds-point-group-k4-s16-r1 load 5.95->7.63 stmts=460584 errors=0 refusals=0 client_bound=False cores=['0.0', '1.0', '2.0', '3.0'] stmt/s=57484.0 p50=215.2
kds-point-group-k4-s16-r2 load 5.94->7.33 stmts=451715 errors=0 refusals=0 client_bound=False cores=['0.0', '1.0', '2.0', '3.0'] stmt/s=56396.9 p50=228.7
kds-point-strict-k1-s1-r0 load 5.70->4.66 stmts=116461 errors=0 refusals=0 client_bound=False cores=['0.0'] stmt/s=14557.6 p50=64.9
kds-point-strict-k1-s1-r1 load 4.66->3.86 stmts=115032 errors=0 refusals=0 client_bound=False cores=['0.0'] stmt/s=14379.1 p50=65.8
kds-point-strict-k1-s1-r2 load 3.86->3.42 stmts=115124 errors=0 refusals=0 client_bound=False cores=['0.0'] stmt/s=14390.5 p50=65.2
kds-point-strict-k1-s2-r0 load 3.42->3.10 stmts=189890 errors=0 refusals=0 client_bound=False cores=['0.0'] stmt/s=23736.2 p50=80.0
kds-point-strict-k1-s2-r1 load 3.10->2.72 stmts=187211 errors=0 refusals=0 client_bound=False cores=['0.0'] stmt/s=23401.2 p50=81.3
kds-point-strict-k1-s2-r2 load 2.72->2.58 stmts=186779 errors=0 refusals=0 client_bound=False cores=['0.0'] stmt/s=23347.3 p50=80.7
kds-point-strict-k1-s4-r0 load 2.58->2.70 stmts=354751 errors=0 refusals=0 client_bound=False cores=['0.0'] stmt/s=44343.5 p50=87.9
kds-point-strict-k1-s4-r1 load 2.70->2.98 stmts=353549 errors=0 refusals=0 client_bound=False cores=['0.0'] stmt/s=44193.3 p50=89.1
kds-point-strict-k1-s4-r2 load 2.82->2.92 stmts=361597 errors=0 refusals=0 client_bound=False cores=['0.0'] stmt/s=45199.3 p50=85.1
kds-point-strict-k1-s8-r0 load 2.92->3.18 stmts=353618 errors=0 refusals=0 client_bound=False cores=['0.0'] stmt/s=44182.7 p50=171.2
kds-point-strict-k1-s8-r1 load 3.18->3.39 stmts=356380 errors=0 refusals=0 client_bound=False cores=['0.0'] stmt/s=44529.0 p50=170.0
kds-point-strict-k1-s8-r2 load 3.39->3.62 stmts=355124 errors=0 refusals=0 client_bound=False cores=['0.0'] stmt/s=44371.8 p50=170.0
kds-point-strict-k1-s16-r0 load 3.62->4.28 stmts=350554 errors=0 refusals=0 client_bound=False cores=['0.0'] stmt/s=43766.2 p50=403.8
kds-point-strict-k1-s16-r1 load 4.28->4.87 stmts=346770 errors=0 refusals=0 client_bound=False cores=['0.0'] stmt/s=43297.1 p50=410.7
kds-point-strict-k1-s16-r2 load 4.87->5.35 stmts=350199 errors=0 refusals=0 client_bound=False cores=['0.0'] stmt/s=43725.0 p50=405.8
kds-point-strict-k2-s1-r0 load 5.35->4.46 stmts=115050 errors=0 refusals=0 client_bound=False cores=['0.0'] stmt/s=14381.3 p50=65.7
kds-point-strict-k2-s1-r1 load 4.46->3.70 stmts=113810 errors=0 refusals=0 client_bound=False cores=['1.0'] stmt/s=14226.3 p50=65.4
kds-point-strict-k2-s1-r2 load 3.70->3.12 stmts=115310 errors=0 refusals=0 client_bound=False cores=['0.0'] stmt/s=14413.7 p50=65.8
kds-point-strict-k2-s2-r0 load 3.12->3.04 stmts=169005 errors=0 refusals=0 client_bound=False cores=['0.0', '1.0'] stmt/s=21125.6 p50=89.9
kds-point-strict-k2-s2-r1 load 3.04->3.11 stmts=186103 errors=0 refusals=0 client_bound=False cores=['0.0'] stmt/s=23262.6 p50=81.4
kds-point-strict-k2-s2-r2 load 3.11->3.31 stmts=186083 errors=0 refusals=0 client_bound=False cores=['0.0'] stmt/s=23260.3 p50=81.0
kds-point-strict-k2-s4-r0 load 3.31->3.19 stmts=342626 errors=0 refusals=0 client_bound=False cores=['0.0'] stmt/s=42827.9 p50=91.2
kds-point-strict-k2-s4-r1 load 3.19->3.18 stmts=367643 errors=0 refusals=0 client_bound=False cores=['0.0', '1.0'] stmt/s=45955.0 p50=81.2
kds-point-strict-k2-s4-r2 load 3.18->3.16 stmts=357738 errors=0 refusals=0 client_bound=False cores=['0.0', '1.0'] stmt/s=44716.8 p50=83.8
kds-point-strict-k2-s8-r0 load 3.16->3.96 stmts=490178 errors=0 refusals=0 client_bound=False cores=['0.0', '1.0'] stmt/s=61245.4 p50=112.9
kds-point-strict-k2-s8-r1 load 3.96->4.74 stmts=483991 errors=0 refusals=0 client_bound=False cores=['0.0', '1.0'] stmt/s=60473.0 p50=110.8
kds-point-strict-k2-s8-r2 load 4.74->5.21 stmts=487041 errors=0 refusals=0 client_bound=False cores=['0.0', '1.0'] stmt/s=60851.3 p50=112.3
kds-point-strict-k2-s16-r0 load 5.21->5.74 stmts=525689 errors=0 refusals=0 client_bound=False cores=['0.0', '1.0'] stmt/s=65642.6 p50=233.8
kds-point-strict-k2-s16-r1 load 5.74->7.36 stmts=524131 errors=0 refusals=0 client_bound=False cores=['0.0', '1.0'] stmt/s=65444.2 p50=233.4
kds-point-strict-k2-s16-r2 load 5.73->7.23 stmts=519746 errors=0 refusals=0 client_bound=False cores=['0.0', '1.0'] stmt/s=64913.1 p50=236.0
kds-point-strict-k4-s1-r0 load 5.63->4.53 stmts=114464 errors=0 refusals=0 client_bound=False cores=['3.0'] stmt/s=14308.1 p50=66.2
kds-point-strict-k4-s1-r1 load 4.53->3.76 stmts=113614 errors=0 refusals=0 client_bound=False cores=['0.0'] stmt/s=14201.8 p50=66.2
kds-point-strict-k4-s1-r2 load 3.76->3.41 stmts=114152 errors=0 refusals=0 client_bound=False cores=['0.0'] stmt/s=14269.0 p50=65.9
kds-point-strict-k4-s2-r0 load 3.41->3.25 stmts=177090 errors=0 refusals=0 client_bound=False cores=['1.0', '3.0'] stmt/s=22136.2 p50=84.5
kds-point-strict-k4-s2-r1 load 3.25->3.21 stmts=173326 errors=0 refusals=0 client_bound=False cores=['0.0', '1.0'] stmt/s=21665.6 p50=86.5
kds-point-strict-k4-s2-r2 load 3.21->3.11 stmts=158074 errors=0 refusals=0 client_bound=False cores=['1.0', '2.0'] stmt/s=19759.1 p50=93.4
kds-point-strict-k4-s4-r0 load 3.11->3.12 stmts=286668 errors=0 refusals=0 client_bound=False cores=['1.0', '2.0'] stmt/s=35833.2 p50=101.8
kds-point-strict-k4-s4-r1 load 3.12->3.49 stmts=299282 errors=0 refusals=0 client_bound=False cores=['0.0', '2.0'] stmt/s=37409.8 p50=107.6
kds-point-strict-k4-s4-r2 load 3.29->3.47 stmts=204620 errors=0 refusals=0 client_bound=False cores=['2.0', '3.0'] stmt/s=25566.4 p50=144.2
kds-point-strict-k4-s8-r0 load 3.47->3.92 stmts=348340 errors=0 refusals=0 client_bound=False cores=['0.0', '1.0', '2.0', '3.0'] stmt/s=43525.7 p50=155.3
kds-point-strict-k4-s8-r1 load 3.92->4.73 stmts=370943 errors=0 refusals=0 client_bound=False cores=['0.0', '1.0', '2.0', '3.0'] stmt/s=46347.5 p50=146.0
kds-point-strict-k4-s8-r2 load 4.73->5.39 stmts=402450 errors=0 refusals=0 client_bound=False cores=['0.0', '1.0', '2.0', '3.0'] stmt/s=50285.1 p50=144.0
kds-point-strict-k4-s16-r0 load 5.39->6.34 stmts=433038 errors=0 refusals=0 client_bound=False cores=['0.0', '1.0', '2.0', '3.0'] stmt/s=54032.2 p50=172.7
kds-point-strict-k4-s16-r1 load 5.83->6.70 stmts=410897 errors=0 refusals=0 client_bound=False cores=['0.0', '1.0', '2.0', '3.0'] stmt/s=51300.8 p50=236.2
kds-point-strict-k4-s16-r2 load 5.67->6.64 stmts=404867 errors=0 refusals=0 client_bound=False cores=['0.0', '1.0', '2.0', '3.0'] stmt/s=50529.1 p50=210.7
kds-trade-relaxed-k1-s1-r0 load 5.62->5.07 stmts=131840 errors=0 refusals=0 client_bound=False cores=['0.0'] stmt/s=16479.8 p50=53.3
kds-trade-relaxed-k1-s1-r1 load 5.07->4.17 stmts=131484 errors=0 refusals=0 client_bound=False cores=['0.0'] stmt/s=16435.6 p50=52.9
kds-trade-relaxed-k1-s1-r2 load 4.17->3.40 stmts=129780 errors=0 refusals=0 client_bound=False cores=['0.0'] stmt/s=16222.5 p50=53.7
kds-trade-relaxed-k1-s2-r0 load 3.40->3.17 stmts=219540 errors=0 refusals=0 client_bound=False cores=['0.0'] stmt/s=27442.5 p50=58.8
kds-trade-relaxed-k1-s2-r1 load 3.17->3.06 stmts=217324 errors=0 refusals=0 client_bound=False cores=['0.0'] stmt/s=27164.9 p50=59.2
kds-trade-relaxed-k1-s2-r2 load 3.06->3.05 stmts=219428 errors=0 refusals=0 client_bound=False cores=['0.0'] stmt/s=27428.7 p50=59.8
kds-trade-relaxed-k1-s4-r0 load 3.05->2.99 stmts=300172 errors=0 refusals=0 client_bound=False cores=['0.0'] stmt/s=37520.2 p50=84.1
kds-trade-relaxed-k1-s4-r1 load 2.99->3.10 stmts=303032 errors=0 refusals=0 client_bound=False cores=['0.0'] stmt/s=37877.8 p50=84.6
kds-trade-relaxed-k1-s4-r2 load 3.10->3.05 stmts=300796 errors=0 refusals=0 client_bound=False cores=['0.0'] stmt/s=37599.9 p50=83.6
kds-trade-relaxed-k1-s8-r0 load 3.05->3.43 stmts=299228 errors=0 refusals=0 client_bound=False cores=['0.0'] stmt/s=37385.4 p50=181.9
kds-trade-relaxed-k1-s8-r1 load 3.43->3.52 stmts=296568 errors=0 refusals=0 client_bound=False cores=['0.0'] stmt/s=37062.6 p50=183.5
kds-trade-relaxed-k1-s8-r2 load 3.52->3.66 stmts=298736 errors=0 refusals=0 client_bound=False cores=['0.0'] stmt/s=37323.1 p50=182.1
kds-trade-relaxed-k1-s16-r0 load 3.66->3.61 stmts=305012 errors=0 refusals=0 client_bound=False cores=['0.0'] stmt/s=38076.6 p50=274.1
kds-trade-relaxed-k1-s16-r1 load 3.61->3.60 stmts=297344 errors=0 refusals=0 client_bound=False cores=['0.0'] stmt/s=37118.1 p50=280.2
kds-trade-relaxed-k1-s16-r2 load 3.60->3.81 stmts=296752 errors=0 refusals=0 client_bound=False cores=['0.0'] stmt/s=37043.8 p50=281.7
kds-trade-relaxed-k2-s1-r0 load 3.81->3.20 stmts=129620 errors=0 refusals=0 client_bound=False cores=['0.0'] stmt/s=16193.7 p50=53.9
kds-trade-relaxed-k2-s1-r1 load 3.20->2.64 stmts=128180 errors=0 refusals=0 client_bound=False cores=['0.0'] stmt/s=16022.7 p50=54.4
kds-trade-relaxed-k2-s1-r2 load 2.64->2.29 stmts=128840 errors=0 refusals=0 client_bound=False cores=['0.0'] stmt/s=16109.6 p50=54.1
kds-trade-relaxed-k2-s2-r0 load 2.29->2.63 stmts=213140 errors=0 refusals=0 client_bound=False cores=['0.0', '1.0'] stmt/s=26641.8 p50=62.7
kds-trade-relaxed-k2-s2-r1 load 2.63->2.65 stmts=214296 errors=0 refusals=0 client_bound=False cores=['1.0'] stmt/s=26787.2 p50=61.7
kds-trade-relaxed-k2-s2-r2 load 2.65->2.90 stmts=211132 errors=0 refusals=0 client_bound=False cores=['0.0', '1.0'] stmt/s=26391.1 p50=62.3
kds-trade-relaxed-k2-s4-r0 load 2.90->2.95 stmts=335368 errors=0 refusals=0 client_bound=False cores=['0.0', '1.0'] stmt/s=41919.9 p50=64.9
kds-trade-relaxed-k2-s4-r1 load 2.95->3.25 stmts=358416 errors=0 refusals=1 client_bound=False cores=['0.0', '1.0'] stmt/s=44801.9 p50=62.9
kds-trade-relaxed-k2-s4-r2 load 3.25->3.28 stmts=335020 errors=0 refusals=1 client_bound=False cores=['0.0', '1.0'] stmt/s=41600.3 p50=64.8
kds-trade-relaxed-k2-s8-r0 load 3.28->3.23 stmts=430652 errors=0 refusals=0 client_bound=False cores=['0.0', '1.0'] stmt/s=53804.7 p50=100.4
kds-trade-relaxed-k2-s8-r1 load 3.23->3.66 stmts=392612 errors=0 refusals=1 client_bound=False cores=['0.0', '1.0'] stmt/s=49053.7 p50=119.9
kds-trade-relaxed-k2-s8-r2 load 3.66->4.38 stmts=435292 errors=0 refusals=0 client_bound=False cores=['0.0', '1.0'] stmt/s=54165.5 p50=90.6
kds-trade-relaxed-k2-s16-r0 load 4.38->5.43 stmts=485420 errors=0 refusals=0 client_bound=False cores=['0.0', '1.0'] stmt/s=62374.9 p50=168.2
kds-trade-relaxed-k2-s16-r1 load 5.43->7.05 stmts=468128 errors=0 refusals=0 client_bound=False cores=['0.0', '1.0'] stmt/s=60112.6 p50=166.8
kds-trade-relaxed-k2-s16-r2 load 5.56->7.40 stmts=466824 errors=0 refusals=0 client_bound=False cores=['0.0', '1.0'] stmt/s=58208.1 p50=170.1
kds-trade-relaxed-k4-s1-r0 load 5.83->4.93 stmts=129772 errors=0 refusals=0 client_bound=False cores=['3.0'] stmt/s=16221.4 p50=53.6
kds-trade-relaxed-k4-s1-r1 load 4.93->3.99 stmts=125700 errors=0 refusals=0 client_bound=False cores=['1.0'] stmt/s=15712.3 p50=54.9
kds-trade-relaxed-k4-s1-r2 load 3.99->3.34 stmts=127236 errors=0 refusals=0 client_bound=False cores=['3.0'] stmt/s=15904.7 p50=54.4
kds-trade-relaxed-k4-s2-r0 load 3.34->3.29 stmts=218056 errors=0 refusals=0 client_bound=False cores=['1.0'] stmt/s=27257.4 p50=61.5
kds-trade-relaxed-k4-s2-r1 load 3.29->3.30 stmts=147864 errors=0 refusals=1 client_bound=False cores=['2.0', '3.0'] stmt/s=18475.5 p50=91.1
kds-trade-relaxed-k4-s2-r2 load 3.30->3.10 stmts=208128 errors=0 refusals=0 client_bound=False cores=['0.0', '1.0'] stmt/s=26016.1 p50=64.7
kds-trade-relaxed-k4-s4-r0 load 3.10->3.11 stmts=227036 errors=0 refusals=0 client_bound=False cores=['0.0', '3.0'] stmt/s=28378.3 p50=131.4
kds-trade-relaxed-k4-s4-r1 load 3.11->3.37 stmts=336860 errors=0 refusals=0 client_bound=False cores=['0.0', '1.0', '3.0'] stmt/s=40376.0 p50=68.6
kds-trade-relaxed-k4-s4-r2 load 3.37->3.47 stmts=228564 errors=0 refusals=1 client_bound=False cores=['0.0', '2.0'] stmt/s=28568.5 p50=130.3
kds-trade-relaxed-k4-s8-r0 load 3.47->4.09 stmts=348072 errors=0 refusals=0 client_bound=False cores=['0.0', '1.0', '2.0', '3.0'] stmt/s=43472.2 p50=98.6
kds-trade-relaxed-k4-s8-r1 load 4.09->4.34 stmts=315692 errors=0 refusals=1 client_bound=False cores=['0.0', '1.0', '2.0', '3.0'] stmt/s=39420.3 p50=109.4
kds-trade-relaxed-k4-s8-r2 load 4.34->4.61 stmts=335244 errors=0 refusals=1 client_bound=False cores=['0.0', '1.0', '2.0', '3.0'] stmt/s=41875.5 p50=112.3
kds-trade-relaxed-k4-s16-r0 load 4.61->5.37 stmts=413864 errors=0 refusals=0 client_bound=False cores=['0.0', '1.0', '2.0', '3.0'] stmt/s=51551.9 p50=133.7
kds-trade-relaxed-k4-s16-r1 load 5.37->6.18 stmts=409692 errors=0 refusals=1 client_bound=False cores=['0.0', '1.0', '2.0', '3.0'] stmt/s=51024.5 p50=132.2
kds-trade-relaxed-k4-s16-r2 load 5.69->6.16 stmts=384988 errors=0 refusals=1 client_bound=False cores=['0.0', '1.0', '2.0', '3.0'] stmt/s=48050.8 p50=165.3
kds-trade-group-k1-s1-r0 load 5.67->4.56 stmts=5460 errors=0 refusals=0 client_bound=False cores=['0.0'] stmt/s=682.3 p50=1277.2
kds-trade-group-k1-s1-r1 load 4.56->3.71 stmts=5368 errors=0 refusals=0 client_bound=False cores=['0.0'] stmt/s=671.8 p50=1293.3
kds-trade-group-k1-s1-r2 load 3.71->3.29 stmts=5412 errors=0 refusals=0 client_bound=False cores=['0.0'] stmt/s=676.1 p50=1305.9
kds-trade-group-k1-s2-r0 load 3.29->2.85 stmts=5696 errors=0 refusals=0 client_bound=False cores=['0.0'] stmt/s=711.7 p50=2494.0
kds-trade-group-k1-s2-r1 load 2.85->2.37 stmts=5540 errors=0 refusals=0 client_bound=False cores=['0.0'] stmt/s=692.5 p50=2558.1
kds-trade-group-k1-s2-r2 load 2.37->2.14 stmts=5724 errors=0 refusals=0 client_bound=False cores=['0.0'] stmt/s=715.4 p50=2486.6
kds-trade-group-k1-s4-r0 load 2.14->1.96 stmts=11012 errors=0 refusals=0 client_bound=False cores=['0.0'] stmt/s=1377.4 p50=2577.7
kds-trade-group-k1-s4-r1 load 1.96->1.75 stmts=10848 errors=0 refusals=0 client_bound=False cores=['0.0'] stmt/s=1355.0 p50=2588.2
kds-trade-group-k1-s4-r2 load 1.75->1.66 stmts=10944 errors=0 refusals=0 client_bound=False cores=['0.0'] stmt/s=1367.8 p50=2595.7
kds-trade-group-k1-s8-r0 load 1.66->1.45 stmts=20996 errors=0 refusals=0 client_bound=False cores=['0.0'] stmt/s=2622.0 p50=2671.7
kds-trade-group-k1-s8-r1 load 1.45->1.38 stmts=21344 errors=0 refusals=0 client_bound=False cores=['0.0'] stmt/s=2666.6 p50=2662.0
kds-trade-group-k1-s8-r2 load 1.38->1.23 stmts=21008 errors=0 refusals=0 client_bound=False cores=['0.0'] stmt/s=2621.4 p50=2698.9
kds-trade-group-k1-s16-r0 load 1.23->1.27 stmts=40128 errors=0 refusals=0 client_bound=False cores=['0.0'] stmt/s=5009.2 p50=2838.7
kds-trade-group-k1-s16-r1 load 1.27->2.11 stmts=39680 errors=0 refusals=0 client_bound=False cores=['0.0'] stmt/s=4955.2 p50=2847.2
kds-trade-group-k1-s16-r2 load 2.18->2.15 stmts=39872 errors=0 refusals=0 client_bound=False cores=['0.0'] stmt/s=4977.1 p50=2860.7
kds-trade-group-k2-s1-r0 load 2.15->1.98 stmts=5488 errors=0 refusals=0 client_bound=False cores=['1.0'] stmt/s=686.2 p50=1294.5
kds-trade-group-k2-s1-r1 load 1.98->1.93 stmts=5212 errors=0 refusals=0 client_bound=False cores=['1.0'] stmt/s=651.7 p50=1326.0
kds-trade-group-k2-s1-r2 load 1.93->1.79 stmts=5256 errors=0 refusals=0 client_bound=False cores=['0.0'] stmt/s=657.2 p50=1329.1
kds-trade-group-k2-s2-r0 load 1.79->1.75 stmts=5796 errors=0 refusals=0 client_bound=False cores=['0.0', '1.0'] stmt/s=724.2 p50=2406.3
kds-trade-group-k2-s2-r1 load 1.75->1.67 stmts=5664 errors=0 refusals=0 client_bound=False cores=['0.0', '1.0'] stmt/s=706.8 p50=2465.1
kds-trade-group-k2-s2-r2 load 1.67->1.61 stmts=5784 errors=0 refusals=0 client_bound=False cores=['1.0'] stmt/s=722.5 p50=2414.7
kds-trade-group-k2-s4-r0 load 1.61->1.67 stmts=6496 errors=0 refusals=0 client_bound=False cores=['0.0', '1.0'] stmt/s=810.6 p50=2749.8
kds-trade-group-k2-s4-r1 load 1.67->1.83 stmts=11184 errors=0 refusals=0 client_bound=False cores=['1.0'] stmt/s=1396.2 p50=2495.4
kds-trade-group-k2-s4-r2 load 1.83->1.80 stmts=5556 errors=0 refusals=0 client_bound=False cores=['0.0', '1.0'] stmt/s=694.1 p50=2515.7
kds-trade-group-k2-s8-r0 load 1.80->1.71 stmts=5556 errors=0 refusals=0 client_bound=False cores=['0.0', '1.0'] stmt/s=693.9 p50=2534.6
kds-trade-group-k2-s8-r1 load 1.71->1.75 stmts=14924 errors=0 refusals=0 client_bound=False cores=['0.0', '1.0'] stmt/s=1862.4 p50=2811.4
kds-trade-group-k2-s8-r2 load 1.75->1.75 stmts=16192 errors=0 refusals=0 client_bound=False cores=['0.0', '1.0'] stmt/s=2021.2 p50=2577.3
kds-trade-group-k2-s16-r0 load 1.75->1.88 stmts=13268 errors=0 refusals=0 client_bound=False cores=['0.0', '1.0'] stmt/s=1655.7 p50=2613.4
kds-trade-group-k2-s16-r1 load 1.88->2.79 stmts=11148 errors=0 refusals=0 client_bound=False cores=['0.0', '1.0'] stmt/s=1390.8 p50=2570.6
kds-trade-group-k2-s16-r2 load 2.79->2.96 stmts=22368 errors=0 refusals=0 client_bound=False cores=['0.0', '1.0'] stmt/s=2791.2 p50=2497.6
kds-trade-group-k4-s1-r0 load 2.96->2.69 stmts=5232 errors=0 refusals=0 client_bound=False cores=['1.0'] stmt/s=654.1 p50=1337.9
kds-trade-group-k4-s1-r1 load 2.69->2.54 stmts=5220 errors=0 refusals=0 client_bound=False cores=['1.0'] stmt/s=652.5 p50=1310.5
kds-trade-group-k4-s1-r2 load 2.54->2.46 stmts=5364 errors=0 refusals=0 client_bound=False cores=['2.0'] stmt/s=670.2 p50=1283.6
kds-trade-group-k4-s2-r0 load 2.46->2.50 stmts=5688 errors=0 refusals=0 client_bound=False cores=['2.0'] stmt/s=710.0 p50=2417.2
kds-trade-group-k4-s2-r1 load 2.50->2.26 stmts=5768 errors=0 refusals=0 client_bound=False cores=['0.0', '3.0'] stmt/s=720.4 p50=2420.5
kds-trade-group-k4-s2-r2 load 2.26->2.22 stmts=5844 errors=0 refusals=0 client_bound=False cores=['2.0', '3.0'] stmt/s=730.2 p50=2389.4
kds-trade-group-k4-s4-r0 load 2.22->2.34 stmts=11524 errors=0 refusals=0 client_bound=False cores=['1.0', '3.0'] stmt/s=1439.1 p50=2453.5
kds-trade-group-k4-s4-r1 load 2.34->2.62 stmts=5868 errors=0 refusals=0 client_bound=False cores=['0.0', '1.0', '3.0'] stmt/s=732.3 p50=2400.5
kds-trade-group-k4-s4-r2 load 2.62->2.66 stmts=11460 errors=0 refusals=0 client_bound=False cores=['1.0', '2.0', '3.0'] stmt/s=1434.2 p50=2428.9
kds-trade-group-k4-s8-r0 load 2.66->2.90 stmts=17020 errors=0 refusals=0 client_bound=False cores=['0.0', '1.0', '2.0', '3.0'] stmt/s=2125.1 p50=2462.7
kds-trade-group-k4-s8-r1 load 2.90->3.07 stmts=17264 errors=0 refusals=0 client_bound=False cores=['0.0', '1.0', '2.0', '3.0'] stmt/s=2152.8 p50=2422.4
kds-trade-group-k4-s8-r2 load 3.07->2.85 stmts=11500 errors=0 refusals=0 client_bound=False cores=['0.0', '1.0', '3.0'] stmt/s=1434.9 p50=2453.1
kds-trade-group-k4-s16-r0 load 2.85->2.84 stmts=35436 errors=0 refusals=0 client_bound=False cores=['0.0', '1.0', '2.0', '3.0'] stmt/s=4415.8 p50=2488.4
kds-trade-group-k4-s16-r1 load 2.84->2.90 stmts=31312 errors=0 refusals=0 client_bound=False cores=['0.0', '1.0', '2.0', '3.0'] stmt/s=3905.1 p50=2427.8
kds-trade-group-k4-s16-r2 load 2.90->3.15 stmts=28780 errors=0 refusals=0 client_bound=False cores=['0.0', '1.0', '2.0', '3.0'] stmt/s=3584.4 p50=2410.9
kds-trade-strict-k1-s1-r0 load 3.15->2.68 stmts=5456 errors=0 refusals=0 client_bound=False cores=['0.0'] stmt/s=681.3 p50=1294.3
kds-trade-strict-k1-s1-r1 load 2.68->2.24 stmts=5444 errors=0 refusals=0 client_bound=False cores=['0.0'] stmt/s=680.4 p50=1286.2
kds-trade-strict-k1-s1-r2 load 2.24->2.13 stmts=5320 errors=0 refusals=0 client_bound=False cores=['0.0'] stmt/s=664.9 p50=1321.5
kds-trade-strict-k1-s2-r0 load 2.13->2.01 stmts=5500 errors=0 refusals=0 client_bound=False cores=['0.0'] stmt/s=687.5 p50=2590.8
kds-trade-strict-k1-s2-r1 load 2.01->1.72 stmts=5560 errors=0 refusals=0 client_bound=False cores=['0.0'] stmt/s=695.0 p50=2535.8
kds-trade-strict-k1-s2-r2 load 1.72->1.49 stmts=5632 errors=0 refusals=0 client_bound=False cores=['0.0'] stmt/s=703.8 p50=2501.5
kds-trade-strict-k1-s4-r0 load 1.49->1.42 stmts=5544 errors=0 refusals=0 client_bound=False cores=['0.0'] stmt/s=691.9 p50=4089.4
kds-trade-strict-k1-s4-r1 load 1.42->1.61 stmts=5640 errors=0 refusals=0 client_bound=False cores=['0.0'] stmt/s=703.8 p50=4050.6
kds-trade-strict-k1-s4-r2 load 1.61->1.40 stmts=5600 errors=0 refusals=0 client_bound=False cores=['0.0'] stmt/s=699.5 p50=4085.1
kds-trade-strict-k1-s8-r0 load 1.40->1.25 stmts=5600 errors=0 refusals=0 client_bound=False cores=['0.0'] stmt/s=698.7 p50=9240.7
kds-trade-strict-k1-s8-r1 load 1.25->1.29 stmts=5460 errors=0 refusals=0 client_bound=False cores=['0.0'] stmt/s=680.9 p50=9275.0
kds-trade-strict-k1-s8-r2 load 1.29->1.30 stmts=5540 errors=0 refusals=0 client_bound=False cores=['0.0'] stmt/s=689.5 p50=9362.1
kds-trade-strict-k1-s16-r0 load 1.30->1.16 stmts=5492 errors=0 refusals=0 client_bound=False cores=['0.0'] stmt/s=683.8 p50=20169.9
kds-trade-strict-k1-s16-r1 load 1.16->1.14 stmts=5584 errors=0 refusals=0 client_bound=False cores=['0.0'] stmt/s=696.1 p50=19857.6
kds-trade-strict-k1-s16-r2 load 1.14->1.17 stmts=5520 errors=0 refusals=0 client_bound=False cores=['0.0'] stmt/s=681.8 p50=20720.8
kds-trade-strict-k2-s1-r0 load 1.17->1.07 stmts=5220 errors=0 refusals=0 client_bound=False cores=['0.0'] stmt/s=652.6 p50=1340.5
kds-trade-strict-k2-s1-r1 load 1.07->1.06 stmts=5124 errors=0 refusals=0 client_bound=False cores=['1.0'] stmt/s=640.6 p50=1319.8
kds-trade-strict-k2-s1-r2 load 1.06->1.05 stmts=5240 errors=0 refusals=0 client_bound=False cores=['1.0'] stmt/s=654.7 p50=1313.0
kds-trade-strict-k2-s2-r0 load 1.05->1.11 stmts=5752 errors=0 refusals=0 client_bound=False cores=['0.0', '1.0'] stmt/s=718.9 p50=2456.9
kds-trade-strict-k2-s2-r1 load 1.11->1.17 stmts=5176 errors=0 refusals=0 client_bound=False cores=['1.0'] stmt/s=647.0 p50=2629.0
kds-trade-strict-k2-s2-r2 load 1.17->1.07 stmts=5456 errors=0 refusals=0 client_bound=False cores=['1.0'] stmt/s=682.1 p50=2592.1
kds-trade-strict-k2-s4-r0 load 1.07->1.22 stmts=5688 errors=0 refusals=0 client_bound=False cores=['0.0', '1.0'] stmt/s=709.9 p50=4960.7
kds-trade-strict-k2-s4-r1 load 1.22->1.10 stmts=5812 errors=0 refusals=0 client_bound=False cores=['0.0', '1.0'] stmt/s=725.9 p50=4936.1
kds-trade-strict-k2-s4-r2 load 1.10->1.01 stmts=5728 errors=0 refusals=0 client_bound=False cores=['0.0', '1.0'] stmt/s=717.1 p50=4996.8
kds-trade-strict-k2-s8-r0 load 1.01->0.94 stmts=5900 errors=0 refusals=0 client_bound=False cores=['0.0', '1.0'] stmt/s=735.9 p50=9763.1
kds-trade-strict-k2-s8-r1 load 0.94->0.95 stmts=5852 errors=0 refusals=0 client_bound=False cores=['0.0', '1.0'] stmt/s=728.9 p50=9676.9
kds-trade-strict-k2-s8-r2 load 0.95->0.89 stmts=5720 errors=0 refusals=0 client_bound=False cores=['0.0', '1.0'] stmt/s=713.6 p50=8118.9
kds-trade-strict-k2-s16-r0 load 0.89->0.93 stmts=5776 errors=0 refusals=0 client_bound=False cores=['0.0', '1.0'] stmt/s=721.1 p50=18262.3
kds-trade-strict-k2-s16-r1 load 0.93->1.09 stmts=5796 errors=0 refusals=0 client_bound=False cores=['0.0', '1.0'] stmt/s=719.3 p50=19473.7
kds-trade-strict-k2-s16-r2 load 1.09->1.14 stmts=5908 errors=0 refusals=0 client_bound=False cores=['0.0', '1.0'] stmt/s=733.0 p50=21465.6
kds-trade-strict-k4-s1-r0 load 1.14->1.04 stmts=5272 errors=0 refusals=0 client_bound=False cores=['1.0'] stmt/s=659.3 p50=1313.4
kds-trade-strict-k4-s1-r1 load 1.04->0.96 stmts=5220 errors=0 refusals=0 client_bound=False cores=['2.0'] stmt/s=652.2 p50=1342.5
kds-trade-strict-k4-s1-r2 load 0.96->0.97 stmts=5244 errors=0 refusals=0 client_bound=False cores=['1.0'] stmt/s=655.3 p50=1318.1
kds-trade-strict-k4-s2-r0 load 0.97->1.04 stmts=5740 errors=0 refusals=0 client_bound=False cores=['0.0', '1.0'] stmt/s=716.9 p50=2448.2
kds-trade-strict-k4-s2-r1 load 1.04->0.97 stmts=5856 errors=0 refusals=0 client_bound=False cores=['0.0', '3.0'] stmt/s=731.8 p50=2456.6
kds-trade-strict-k4-s2-r2 load 0.97->0.91 stmts=5704 errors=0 refusals=0 client_bound=False cores=['0.0', '1.0'] stmt/s=712.6 p50=2459.9
kds-trade-strict-k4-s4-r0 load 0.91->1.08 stmts=7688 errors=0 refusals=0 client_bound=False cores=['0.0', '2.0', '3.0'] stmt/s=959.4 p50=3770.4
kds-trade-strict-k4-s4-r1 load 1.08->1.06 stmts=10124 errors=0 refusals=0 client_bound=False cores=['0.0', '1.0', '2.0', '3.0'] stmt/s=1263.9 p50=2666.7
kds-trade-strict-k4-s4-r2 load 1.06->0.98 stmts=8012 errors=0 refusals=0 client_bound=False cores=['0.0', '1.0', '2.0'] stmt/s=1000.4 p50=3708.6
kds-trade-strict-k4-s8-r0 load 0.98->0.91 stmts=9712 errors=0 refusals=0 client_bound=False cores=['0.0', '1.0', '2.0', '3.0'] stmt/s=1208.6 p50=5581.8
kds-trade-strict-k4-s8-r1 load 0.91->0.93 stmts=8832 errors=0 refusals=0 client_bound=False cores=['0.0', '1.0', '2.0', '3.0'] stmt/s=1101.6 p50=6245.3
kds-trade-strict-k4-s8-r2 load 0.93->0.88 stmts=9104 errors=0 refusals=0 client_bound=False cores=['0.0', '1.0', '2.0', '3.0'] stmt/s=1132.7 p50=5723.9
kds-trade-strict-k4-s16-r0 load 0.88->0.84 stmts=7560 errors=0 refusals=0 client_bound=False cores=['0.0', '1.0', '2.0', '3.0'] stmt/s=939.3 p50=14969.3
kds-trade-strict-k4-s16-r1 load 0.84->0.86 stmts=6640 errors=0 refusals=0 client_bound=False cores=['0.0', '1.0', '2.0', '3.0'] stmt/s=826.7 p50=17155.7
kds-trade-strict-k4-s16-r2 load 0.86->0.96 stmts=6880 errors=0 refusals=0 client_bound=False cores=['0.0', '1.0', '2.0', '3.0'] stmt/s=856.8 p50=16544.9
kds-insert1-relaxed-k1-s1-r0 load 0.96->1.12 stmts=142388 errors=0 refusals=0 client_bound=False cores=['0.0'] stmt/s=17798.6 p50=48.4
kds-insert1-relaxed-k1-s1-r1 load 1.12->1.03 stmts=142807 errors=0 refusals=0 client_bound=False cores=['0.0'] stmt/s=17870.3 p50=48.6
kds-insert1-relaxed-k1-s1-r2 load 1.03->1.02 stmts=140658 errors=0 refusals=0 client_bound=False cores=['0.0'] stmt/s=17582.3 p50=49.6
kds-insert1-relaxed-k1-s2-r0 load 1.02->1.17 stmts=231843 errors=0 refusals=0 client_bound=False cores=['0.0'] stmt/s=28980.3 p50=54.1
kds-insert1-relaxed-k1-s2-r1 load 1.17->1.21 stmts=226214 errors=0 refusals=0 client_bound=False cores=['0.0'] stmt/s=28276.6 p50=54.7
kds-insert1-relaxed-k1-s2-r2 load 1.21->1.25 stmts=226736 errors=0 refusals=0 client_bound=False cores=['0.0'] stmt/s=28341.9 p50=54.5
kds-insert1-relaxed-k1-s4-r0 load 1.25->1.44 stmts=310506 errors=0 refusals=0 client_bound=False cores=['0.0'] stmt/s=38775.5 p50=75.9
kds-insert1-relaxed-k1-s4-r1 load 1.44->1.60 stmts=314203 errors=0 refusals=0 client_bound=False cores=['0.0'] stmt/s=39274.9 p50=74.0
kds-insert1-relaxed-k1-s4-r2 load 1.60->1.85 stmts=311074 errors=0 refusals=0 client_bound=False cores=['0.0'] stmt/s=38884.0 p50=75.2
kds-insert1-relaxed-k1-s8-r0 load 1.85->1.75 stmts=312291 errors=0 refusals=0 client_bound=False cores=['0.0'] stmt/s=39022.0 p50=154.9
kds-insert1-relaxed-k1-s8-r1 load 1.75->1.90 stmts=310181 errors=0 refusals=0 client_bound=False cores=['0.0'] stmt/s=38754.1 p50=155.1
kds-insert1-relaxed-k1-s8-r2 load 1.90->2.61 stmts=316451 errors=0 refusals=0 client_bound=False cores=['0.0'] stmt/s=39558.8 p50=153.0
kds-insert1-relaxed-k1-s16-r0 load 2.48->2.85 stmts=307079 errors=0 refusals=0 client_bound=False cores=['0.0'] stmt/s=38338.9 p50=254.9
kds-insert1-relaxed-k1-s16-r1 load 2.85->4.45 stmts=304850 errors=0 refusals=0 client_bound=False cores=['0.0'] stmt/s=38060.4 p50=252.3
kds-insert1-relaxed-k1-s16-r2 load 4.45->4.45 stmts=305698 errors=0 refusals=0 client_bound=False cores=['0.0'] stmt/s=38166.2 p50=254.2
kds-insert1-relaxed-k2-s1-r0 load 4.45->3.78 stmts=138348 errors=0 refusals=0 client_bound=False cores=['0.0'] stmt/s=17293.5 p50=50.3
kds-insert1-relaxed-k2-s1-r1 load 3.78->3.58 stmts=141705 errors=0 refusals=0 client_bound=False cores=['1.0'] stmt/s=17713.1 p50=49.2
kds-insert1-relaxed-k2-s1-r2 load 3.58->3.14 stmts=141547 errors=0 refusals=0 client_bound=False cores=['0.0'] stmt/s=17693.3 p50=49.3
kds-insert1-relaxed-k2-s2-r0 load 3.14->2.91 stmts=226659 errors=0 refusals=0 client_bound=False cores=['0.0'] stmt/s=28332.3 p50=54.0
kds-insert1-relaxed-k2-s2-r1 load 2.91->2.64 stmts=227085 errors=0 refusals=0 client_bound=False cores=['0.0'] stmt/s=28388.7 p50=54.1
kds-insert1-relaxed-k2-s2-r2 load 2.64->2.59 stmts=229283 errors=0 refusals=0 client_bound=False cores=['0.0'] stmt/s=28660.2 p50=53.8
kds-insert1-relaxed-k2-s4-r0 load 2.59->2.97 stmts=384186 errors=0 refusals=0 client_bound=False cores=['0.0', '1.0'] stmt/s=46671.3 p50=58.1
kds-insert1-relaxed-k2-s4-r1 load 2.97->3.22 stmts=384112 errors=0 refusals=0 client_bound=False cores=['0.0', '1.0'] stmt/s=47415.6 p50=58.4
kds-insert1-relaxed-k2-s4-r2 load 3.22->2.81 stmts=384559 errors=0 refusals=0 client_bound=False cores=['0.0', '1.0'] stmt/s=47159.4 p50=58.5
kds-insert1-relaxed-k2-s8-r0 load 2.81->3.81 stmts=502671 errors=0 refusals=0 client_bound=False cores=['0.0', '1.0'] stmt/s=61461.4 p50=80.2
kds-insert1-relaxed-k2-s8-r1 load 3.81->3.55 stmts=422792 errors=0 refusals=0 client_bound=False cores=['0.0', '1.0'] stmt/s=54525.2 p50=110.6
kds-insert1-relaxed-k2-s8-r2 load 3.55->3.54 stmts=303822 errors=0 refusals=0 client_bound=False cores=['1.0'] stmt/s=37964.1 p50=158.6
kds-insert1-relaxed-k2-s16-r0 load 3.54->5.53 stmts=548467 errors=0 refusals=0 client_bound=False cores=['0.0', '1.0'] stmt/s=68481.3 p50=152.2
kds-insert1-relaxed-k2-s16-r1 load 5.53->6.11 stmts=548904 errors=0 refusals=0 client_bound=False cores=['0.0', '1.0'] stmt/s=68341.0 p50=151.1
kds-insert1-relaxed-k2-s16-r2 load 5.62->5.79 stmts=539104 errors=0 refusals=0 client_bound=False cores=['0.0', '1.0'] stmt/s=67311.9 p50=151.8
kds-insert1-relaxed-k4-s1-r0 load 5.79->4.66 stmts=138540 errors=0 refusals=0 client_bound=False cores=['3.0'] stmt/s=17317.5 p50=50.0
kds-insert1-relaxed-k4-s1-r1 load 4.66->3.92 stmts=138568 errors=0 refusals=0 client_bound=False cores=['1.0'] stmt/s=17321.0 p50=50.0
kds-insert1-relaxed-k4-s1-r2 load 3.92->3.55 stmts=136569 errors=0 refusals=0 client_bound=False cores=['0.0'] stmt/s=17071.1 p50=50.0
kds-insert1-relaxed-k4-s2-r0 load 3.55->3.59 stmts=198565 errors=0 refusals=1 client_bound=False cores=['1.0', '2.0'] stmt/s=23695.5 p50=61.5
kds-insert1-relaxed-k4-s2-r1 load 3.59->3.25 stmts=209641 errors=0 refusals=0 client_bound=False cores=['0.0', '1.0'] stmt/s=26205.1 p50=60.2
kds-insert1-relaxed-k4-s2-r2 load 3.25->3.30 stmts=212577 errors=0 refusals=1 client_bound=False cores=['1.0', '3.0'] stmt/s=26572.2 p50=59.8
kds-insert1-relaxed-k4-s4-r0 load 3.30->3.35 stmts=290927 errors=0 refusals=2 client_bound=False cores=['0.0', '1.0', '2.0', '3.0'] stmt/s=36352.2 p50=80.5
kds-insert1-relaxed-k4-s4-r1 load 3.35->3.43 stmts=330133 errors=0 refusals=0 client_bound=False cores=['0.0', '1.0', '3.0'] stmt/s=41266.3 p50=61.9
kds-insert1-relaxed-k4-s4-r2 load 3.43->3.58 stmts=284274 errors=0 refusals=1 client_bound=False cores=['0.0', '2.0'] stmt/s=35518.3 p50=73.4
kds-insert1-relaxed-k4-s8-r0 load 3.58->3.86 stmts=330773 errors=0 refusals=1 client_bound=False cores=['0.0', '1.0', '2.0', '3.0'] stmt/s=41264.9 p50=109.0
kds-insert1-relaxed-k4-s8-r1 load 3.86->4.39 stmts=451577 errors=0 refusals=0 client_bound=False cores=['0.0', '1.0', '2.0'] stmt/s=57898.8 p50=82.5
kds-insert1-relaxed-k4-s8-r2 load 4.39->3.87 stmts=398133 errors=0 refusals=0 client_bound=False cores=['0.0', '1.0', '2.0', '3.0'] stmt/s=51726.6 p50=99.9
kds-insert1-relaxed-k4-s16-r0 load 3.87->4.84 stmts=434003 errors=0 refusals=0 client_bound=False cores=['0.0', '1.0', '2.0', '3.0'] stmt/s=55488.6 p50=118.4
kds-insert1-relaxed-k4-s16-r1 load 4.84->6.01 stmts=440993 errors=0 refusals=0 client_bound=False cores=['0.0', '1.0', '2.0', '3.0'] stmt/s=56559.6 p50=150.7
kds-insert1-relaxed-k4-s16-r2 load 5.53->5.86 stmts=488210 errors=0 refusals=0 client_bound=False cores=['0.0', '1.0', '2.0', '3.0'] stmt/s=60877.1 p50=135.0
kds-insert1-group-k1-s1-r0 load 5.86->4.72 stmts=5344 errors=0 refusals=0 client_bound=False cores=['0.0'] stmt/s=668.0 p50=1313.2
kds-insert1-group-k1-s1-r1 load 4.72->3.83 stmts=5577 errors=0 refusals=0 client_bound=False cores=['0.0'] stmt/s=696.9 p50=1264.1
kds-insert1-group-k1-s1-r2 load 3.83->3.39 stmts=5240 errors=0 refusals=0 client_bound=False cores=['0.0'] stmt/s=655.0 p50=1296.6
kds-insert1-group-k1-s2-r0 load 3.39->3.01 stmts=5396 errors=0 refusals=0 client_bound=False cores=['0.0'] stmt/s=674.3 p50=2572.1
kds-insert1-group-k1-s2-r1 load 3.01->2.72 stmts=5696 errors=0 refusals=0 client_bound=False cores=['0.0'] stmt/s=711.9 p50=2492.4
kds-insert1-group-k1-s2-r2 load 2.72->2.27 stmts=5630 errors=0 refusals=0 client_bound=False cores=['0.0'] stmt/s=703.7 p50=2474.8
kds-insert1-group-k1-s4-r0 load 2.27->2.07 stmts=10772 errors=0 refusals=0 client_bound=False cores=['0.0'] stmt/s=1346.2 p50=2597.5
kds-insert1-group-k1-s4-r1 load 2.07->1.83 stmts=11038 errors=0 refusals=0 client_bound=False cores=['0.0'] stmt/s=1379.6 p50=2563.7
kds-insert1-group-k1-s4-r2 load 1.83->1.58 stmts=10636 errors=0 refusals=0 client_bound=False cores=['0.0'] stmt/s=1329.5 p50=2677.1
kds-insert1-group-k1-s8-r0 load 1.58->1.38 stmts=21402 errors=0 refusals=0 client_bound=False cores=['0.0'] stmt/s=2674.8 p50=2643.6
kds-insert1-group-k1-s8-r1 load 1.38->1.62 stmts=21672 errors=0 refusals=0 client_bound=False cores=['0.0'] stmt/s=2705.3 p50=2604.8
kds-insert1-group-k1-s8-r2 load 1.62->1.41 stmts=20824 errors=0 refusals=0 client_bound=False cores=['0.0'] stmt/s=2601.7 p50=2676.6
kds-insert1-group-k1-s16-r0 load 1.41->1.48 stmts=37280 errors=0 refusals=0 client_bound=False cores=['0.0'] stmt/s=4656.0 p50=2928.0
kds-insert1-group-k1-s16-r1 load 1.48->2.64 stmts=39470 errors=0 refusals=0 client_bound=False cores=['0.0'] stmt/s=4926.9 p50=2819.0
kds-insert1-group-k1-s16-r2 load 2.64->2.39 stmts=39742 errors=0 refusals=0 client_bound=False cores=['0.0'] stmt/s=4960.7 p50=2854.9
kds-insert1-group-k2-s1-r0 load 2.39->2.01 stmts=5279 errors=0 refusals=0 client_bound=False cores=['0.0'] stmt/s=659.8 p50=1286.9
kds-insert1-group-k2-s1-r1 load 2.01->1.72 stmts=5524 errors=0 refusals=0 client_bound=False cores=['0.0'] stmt/s=690.4 p50=1275.1
kds-insert1-group-k2-s1-r2 load 1.72->1.61 stmts=5372 errors=0 refusals=0 client_bound=False cores=['0.0'] stmt/s=671.0 p50=1289.2
kds-insert1-group-k2-s2-r0 load 1.61->1.63 stmts=6181 errors=0 refusals=0 client_bound=False cores=['1.0'] stmt/s=772.5 p50=2323.8
kds-insert1-group-k2-s2-r1 load 1.63->1.58 stmts=5863 errors=0 refusals=0 client_bound=False cores=['1.0'] stmt/s=732.7 p50=2375.7
kds-insert1-group-k2-s2-r2 load 1.58->1.76 stmts=5960 errors=0 refusals=0 client_bound=False cores=['1.0'] stmt/s=744.5 p50=2363.5
kds-insert1-group-k2-s4-r0 load 1.76->1.80 stmts=6053 errors=0 refusals=0 client_bound=False cores=['0.0', '1.0'] stmt/s=756.4 p50=2341.8
kds-insert1-group-k2-s4-r1 load 1.80->1.71 stmts=6604 errors=0 refusals=0 client_bound=False cores=['0.0', '1.0'] stmt/s=825.2 p50=2638.6
kds-insert1-group-k2-s4-r2 load 1.71->1.79 stmts=8907 errors=0 refusals=0 client_bound=False cores=['0.0', '1.0'] stmt/s=1113.7 p50=2392.1
kds-insert1-group-k2-s8-r0 load 1.79->1.77 stmts=19639 errors=0 refusals=0 client_bound=False cores=['0.0', '1.0'] stmt/s=2453.7 p50=2430.0
kds-insert1-group-k2-s8-r1 load 1.77->1.81 stmts=9075 errors=0 refusals=0 client_bound=False cores=['0.0', '1.0'] stmt/s=1133.8 p50=2357.4
kds-insert1-group-k2-s8-r2 load 1.81->1.71 stmts=10361 errors=0 refusals=0 client_bound=False cores=['0.0', '1.0'] stmt/s=1293.9 p50=7202.8
kds-insert1-group-k2-s16-r0 load 1.71->1.64 stmts=17995 errors=0 refusals=0 client_bound=False cores=['0.0', '1.0'] stmt/s=2247.3 p50=2367.4
kds-insert1-group-k2-s16-r1 load 1.64->1.70 stmts=23391 errors=0 refusals=0 client_bound=False cores=['0.0', '1.0'] stmt/s=2921.8 p50=2390.7
kds-insert1-group-k2-s16-r2 load 1.70->1.99 stmts=25296 errors=0 refusals=0 client_bound=False cores=['0.0', '1.0'] stmt/s=3157.1 p50=2508.1
kds-insert1-group-k4-s1-r0 load 1.99->1.70 stmts=5451 errors=0 refusals=0 client_bound=False cores=['0.0'] stmt/s=681.5 p50=1282.5
kds-insert1-group-k4-s1-r1 load 1.70->1.63 stmts=5383 errors=0 refusals=0 client_bound=False cores=['2.0'] stmt/s=673.0 p50=1294.2
kds-insert1-group-k4-s1-r2 load 1.63->1.69 stmts=5594 errors=0 refusals=0 client_bound=False cores=['3.0'] stmt/s=699.3 p50=1266.1
kds-insert1-group-k4-s2-r0 load 1.69->1.91 stmts=6018 errors=0 refusals=0 client_bound=False cores=['1.0', '2.0'] stmt/s=752.1 p50=2326.8
kds-insert1-group-k4-s2-r1 load 1.91->1.80 stmts=5746 errors=0 refusals=0 client_bound=False cores=['0.0', '1.0'] stmt/s=718.7 p50=2370.9
kds-insert1-group-k4-s2-r2 load 1.80->1.86 stmts=6052 errors=0 refusals=0 client_bound=False cores=['1.0', '3.0'] stmt/s=756.4 p50=2301.1
kds-insert1-group-k4-s4-r0 load 1.86->2.04 stmts=8835 errors=0 refusals=0 client_bound=False cores=['0.0', '2.0', '3.0'] stmt/s=1104.2 p50=2398.6
kds-insert1-group-k4-s4-r1 load 2.04->1.97 stmts=6631 errors=0 refusals=0 client_bound=False cores=['0.0', '2.0'] stmt/s=828.9 p50=2645.7
kds-insert1-group-k4-s4-r2 load 1.97->2.14 stmts=8986 errors=0 refusals=0 client_bound=False cores=['0.0', '1.0', '2.0'] stmt/s=1122.9 p50=2379.9
kds-insert1-group-k4-s8-r0 load 2.14->2.28 stmts=19574 errors=0 refusals=0 client_bound=False cores=['0.0', '1.0', '2.0', '3.0'] stmt/s=2445.3 p50=2459.7
kds-insert1-group-k4-s8-r1 load 2.28->2.39 stmts=17010 errors=0 refusals=0 client_bound=False cores=['0.0', '1.0', '3.0'] stmt/s=2125.1 p50=2468.8
kds-insert1-group-k4-s8-r2 load 2.39->2.48 stmts=14086 errors=0 refusals=0 client_bound=False cores=['0.0', '1.0', '2.0', '3.0'] stmt/s=1759.5 p50=2448.2
kds-insert1-group-k4-s16-r0 load 2.48->2.61 stmts=28148 errors=0 refusals=0 client_bound=False cores=['0.0', '1.0', '2.0', '3.0'] stmt/s=3514.0 p50=2466.2
kds-insert1-group-k4-s16-r1 load 2.61->2.83 stmts=31977 errors=0 refusals=0 client_bound=False cores=['0.0', '1.0', '2.0', '3.0'] stmt/s=3991.4 p50=2563.5
kds-insert1-group-k4-s16-r2 load 2.83->2.88 stmts=38515 errors=0 refusals=0 client_bound=False cores=['0.0', '1.0', '2.0', '3.0'] stmt/s=4807.7 p50=2424.6
kds-insert1-strict-k1-s1-r0 load 2.88->2.40 stmts=5742 errors=0 refusals=0 client_bound=False cores=['0.0'] stmt/s=718.4 p50=1228.6
kds-insert1-strict-k1-s1-r1 load 2.40->2.24 stmts=5643 errors=0 refusals=0 client_bound=False cores=['0.0'] stmt/s=705.3 p50=1241.1
kds-insert1-strict-k1-s1-r2 load 2.24->2.05 stmts=5664 errors=0 refusals=0 client_bound=False cores=['0.0'] stmt/s=707.9 p50=1228.7
kds-insert1-strict-k1-s2-r0 load 2.05->1.88 stmts=5770 errors=0 refusals=0 client_bound=False cores=['0.0'] stmt/s=721.1 p50=2411.9
kds-insert1-strict-k1-s2-r1 load 1.88->1.62 stmts=5849 errors=0 refusals=0 client_bound=False cores=['0.0'] stmt/s=731.2 p50=2435.7
kds-insert1-strict-k1-s2-r2 load 1.62->1.49 stmts=5568 errors=0 refusals=0 client_bound=False cores=['0.0'] stmt/s=695.9 p50=2487.5
kds-insert1-strict-k1-s4-r0 load 1.49->1.42 stmts=5844 errors=0 refusals=0 client_bound=False cores=['0.0'] stmt/s=730.6 p50=3928.9
kds-insert1-strict-k1-s4-r1 load 1.42->1.41 stmts=5867 errors=0 refusals=0 client_bound=False cores=['0.0'] stmt/s=733.0 p50=3869.1
kds-insert1-strict-k1-s4-r2 load 1.41->1.25 stmts=5882 errors=0 refusals=0 client_bound=False cores=['0.0'] stmt/s=734.9 p50=3920.9
kds-insert1-strict-k1-s8-r0 load 1.25->1.28 stmts=5632 errors=0 refusals=0 client_bound=False cores=['0.0'] stmt/s=702.5 p50=9123.5
kds-insert1-strict-k1-s8-r1 load 1.28->1.24 stmts=5707 errors=0 refusals=0 client_bound=False cores=['0.0'] stmt/s=712.4 p50=8978.2
kds-insert1-strict-k1-s8-r2 load 1.24->1.11 stmts=5835 errors=0 refusals=0 client_bound=False cores=['0.0'] stmt/s=728.6 p50=8896.3
kds-insert1-strict-k1-s16-r0 load 1.11->1.02 stmts=5837 errors=0 refusals=0 client_bound=False cores=['0.0'] stmt/s=727.6 p50=19040.8
kds-insert1-strict-k1-s16-r1 load 1.02->1.02 stmts=5927 errors=0 refusals=0 client_bound=False cores=['0.0'] stmt/s=738.8 p50=18892.9
kds-insert1-strict-k1-s16-r2 load 1.02->1.08 stmts=5773 errors=0 refusals=0 client_bound=False cores=['0.0'] stmt/s=719.6 p50=19559.8
kds-insert1-strict-k2-s1-r0 load 1.08->1.00 stmts=5771 errors=0 refusals=0 client_bound=False cores=['1.0'] stmt/s=721.4 p50=1254.9
kds-insert1-strict-k2-s1-r1 load 1.00->1.01 stmts=5532 errors=0 refusals=0 client_bound=False cores=['1.0'] stmt/s=691.5 p50=1276.4
kds-insert1-strict-k2-s1-r2 load 1.01->1.01 stmts=5618 errors=0 refusals=0 client_bound=False cores=['0.0'] stmt/s=702.2 p50=1256.2
kds-insert1-strict-k2-s2-r0 load 1.01->1.08 stmts=5824 errors=0 refusals=0 client_bound=False cores=['1.0'] stmt/s=727.9 p50=2455.1
kds-insert1-strict-k2-s2-r1 load 1.08->0.99 stmts=5812 errors=0 refusals=0 client_bound=False cores=['0.0'] stmt/s=726.5 p50=2393.3
kds-insert1-strict-k2-s2-r2 load 0.99->0.93 stmts=5608 errors=0 refusals=0 client_bound=False cores=['1.0'] stmt/s=700.8 p50=2489.6
kds-insert1-strict-k2-s4-r0 load 0.93->0.94 stmts=5936 errors=0 refusals=0 client_bound=False cores=['0.0', '1.0'] stmt/s=741.1 p50=4384.6
kds-insert1-strict-k2-s4-r1 load 0.94->0.89 stmts=5915 errors=0 refusals=0 client_bound=False cores=['0.0', '1.0'] stmt/s=739.0 p50=4818.0
kds-insert1-strict-k2-s4-r2 load 0.89->0.84 stmts=5812 errors=0 refusals=0 client_bound=False cores=['0.0', '1.0'] stmt/s=726.3 p50=4849.9
kds-insert1-strict-k2-s8-r0 load 0.84->1.09 stmts=6031 errors=0 refusals=0 client_bound=False cores=['0.0', '1.0'] stmt/s=753.3 p50=9410.1
kds-insert1-strict-k2-s8-r1 load 1.09->1.14 stmts=5834 errors=0 refusals=0 client_bound=False cores=['0.0', '1.0'] stmt/s=728.6 p50=9553.8
kds-insert1-strict-k2-s8-r2 load 1.14->1.19 stmts=5971 errors=0 refusals=0 client_bound=False cores=['0.0', '1.0'] stmt/s=745.5 p50=10387.0
kds-insert1-strict-k2-s16-r0 load 1.19->1.08 stmts=5516 errors=0 refusals=0 client_bound=False cores=['0.0', '1.0'] stmt/s=687.8 p50=19275.9
kds-insert1-strict-k2-s16-r1 load 1.08->1.07 stmts=5645 errors=0 refusals=0 client_bound=False cores=['0.0', '1.0'] stmt/s=703.3 p50=18950.6
kds-insert1-strict-k2-s16-r2 load 1.07->1.12 stmts=5755 errors=0 refusals=0 client_bound=False cores=['0.0', '1.0'] stmt/s=718.1 p50=18349.7
kds-insert1-strict-k4-s1-r0 load 1.12->1.03 stmts=5316 errors=0 refusals=0 client_bound=False cores=['3.0'] stmt/s=664.6 p50=1303.1
kds-insert1-strict-k4-s1-r1 load 1.03->0.95 stmts=5304 errors=0 refusals=0 client_bound=False cores=['1.0'] stmt/s=663.2 p50=1317.1
kds-insert1-strict-k4-s1-r2 load 0.95->0.96 stmts=5351 errors=0 refusals=0 client_bound=False cores=['1.0'] stmt/s=668.9 p50=1294.3
kds-insert1-strict-k4-s2-r0 load 0.96->1.04 stmts=5533 errors=0 refusals=0 client_bound=False cores=['1.0', '2.0'] stmt/s=691.6 p50=2502.7
kds-insert1-strict-k4-s2-r1 load 1.04->1.04 stmts=5572 errors=0 refusals=0 client_bound=False cores=['2.0', '3.0'] stmt/s=696.1 p50=2492.4
kds-insert1-strict-k4-s2-r2 load 1.04->1.11 stmts=5964 errors=0 refusals=0 client_bound=False cores=['1.0', '2.0'] stmt/s=745.4 p50=2372.1
kds-insert1-strict-k4-s4-r0 load 1.11->1.09 stmts=5784 errors=0 refusals=0 client_bound=False cores=['2.0', '3.0'] stmt/s=722.6 p50=4912.2
kds-insert1-strict-k4-s4-r1 load 1.09->1.14 stmts=8330 errors=0 refusals=0 client_bound=False cores=['1.0', '2.0', '3.0'] stmt/s=1040.8 p50=2659.2
kds-insert1-strict-k4-s4-r2 load 1.14->1.20 stmts=7542 errors=0 refusals=0 client_bound=False cores=['0.0', '1.0', '3.0'] stmt/s=942.5 p50=3816.6
kds-insert1-strict-k4-s8-r0 load 1.20->1.17 stmts=9407 errors=0 refusals=0 client_bound=False cores=['0.0', '1.0', '2.0', '3.0'] stmt/s=1174.6 p50=5977.3
kds-insert1-strict-k4-s8-r1 load 1.17->1.13 stmts=8286 errors=0 refusals=0 client_bound=False cores=['0.0', '1.0', '2.0', '3.0'] stmt/s=1034.3 p50=7074.7
kds-insert1-strict-k4-s8-r2 load 1.13->1.03 stmts=10720 errors=0 refusals=0 client_bound=False cores=['0.0', '1.0', '2.0', '3.0'] stmt/s=1338.4 p50=3591.8
kds-insert1-strict-k4-s16-r0 load 1.03->1.04 stmts=8099 errors=0 refusals=0 client_bound=False cores=['0.0', '1.0', '2.0', '3.0'] stmt/s=1009.7 p50=14299.1
kds-insert1-strict-k4-s16-r1 load 1.04->1.19 stmts=8146 errors=0 refusals=0 client_bound=False cores=['0.0', '1.0', '2.0', '3.0'] stmt/s=1015.7 p50=13570.0
kds-insert1-strict-k4-s16-r2 load 1.19->1.35 stmts=7884 errors=0 refusals=0 client_bound=False cores=['0.0', '1.0', '2.0', '3.0'] stmt/s=982.1 p50=13919.2
kds-insertN-relaxed-k1-s1-r0 load 1.35->1.44 stmts=143290 errors=0 refusals=0 client_bound=False cores=['0.0'] stmt/s=17911.3 p50=49.0
kds-insertN-relaxed-k1-s1-r1 load 1.44->1.36 stmts=143845 errors=0 refusals=0 client_bound=False cores=['0.0'] stmt/s=17980.6 p50=48.7
kds-insertN-relaxed-k1-s1-r2 load 1.36->1.38 stmts=143639 errors=0 refusals=0 client_bound=False cores=['0.0'] stmt/s=17954.9 p50=48.8
kds-insertN-relaxed-k1-s2-r0 load 1.38->1.67 stmts=227703 errors=0 refusals=0 client_bound=False cores=['0.0'] stmt/s=28462.8 p50=54.5
kds-insertN-relaxed-k1-s2-r1 load 1.67->1.61 stmts=227020 errors=0 refusals=0 client_bound=False cores=['0.0'] stmt/s=28377.4 p50=54.6
kds-insertN-relaxed-k1-s2-r2 load 1.61->1.79 stmts=230475 errors=0 refusals=0 client_bound=False cores=['0.0'] stmt/s=28809.2 p50=54.3
kds-insertN-relaxed-k1-s4-r0 load 1.79->2.15 stmts=307286 errors=0 refusals=0 client_bound=False cores=['0.0'] stmt/s=38410.5 p50=74.7
kds-insertN-relaxed-k1-s4-r1 load 2.15->2.52 stmts=303660 errors=0 refusals=0 client_bound=False cores=['0.0'] stmt/s=37957.2 p50=76.5
kds-insertN-relaxed-k1-s4-r2 load 2.52->2.85 stmts=310365 errors=0 refusals=0 client_bound=False cores=['0.0'] stmt/s=38795.4 p50=75.2
kds-insertN-relaxed-k1-s8-r0 load 2.85->3.00 stmts=303241 errors=0 refusals=0 client_bound=False cores=['0.0'] stmt/s=37951.1 p50=154.9
kds-insertN-relaxed-k1-s8-r1 load 3.00->3.01 stmts=310773 errors=0 refusals=0 client_bound=False cores=['0.0'] stmt/s=38830.8 p50=155.1
kds-insertN-relaxed-k1-s8-r2 load 3.01->3.00 stmts=309672 errors=0 refusals=0 client_bound=False cores=['0.0'] stmt/s=38690.9 p50=157.2
kds-insertN-relaxed-k1-s16-r0 load 3.00->3.13 stmts=300152 errors=0 refusals=0 client_bound=False cores=['0.0'] stmt/s=37473.3 p50=256.5
kds-insertN-relaxed-k1-s16-r1 load 3.13->4.32 stmts=302116 errors=0 refusals=0 client_bound=False cores=['0.0'] stmt/s=37720.8 p50=257.6
kds-insertN-relaxed-k1-s16-r2 load 4.32->4.75 stmts=307941 errors=0 refusals=0 client_bound=False cores=['0.0'] stmt/s=38448.7 p50=253.4
kds-insertN-relaxed-k2-s1-r0 load 4.75->4.15 stmts=141165 errors=0 refusals=0 client_bound=False cores=['1.0'] stmt/s=17645.6 p50=49.3
kds-insertN-relaxed-k2-s1-r1 load 4.15->3.74 stmts=140652 errors=0 refusals=0 client_bound=False cores=['0.0'] stmt/s=17581.5 p50=49.4
kds-insertN-relaxed-k2-s1-r2 load 3.74->3.27 stmts=140489 errors=0 refusals=0 client_bound=False cores=['0.0'] stmt/s=17561.1 p50=49.5
kds-insertN-relaxed-k2-s2-r0 load 3.27->3.09 stmts=232287 errors=0 refusals=0 client_bound=False cores=['1.0'] stmt/s=29035.7 p50=54.2
kds-insertN-relaxed-k2-s2-r1 load 3.09->2.72 stmts=230389 errors=0 refusals=0 client_bound=False cores=['1.0'] stmt/s=28798.5 p50=54.0
kds-insertN-relaxed-k2-s2-r2 load 2.72->2.69 stmts=228138 errors=0 refusals=0 client_bound=False cores=['0.0'] stmt/s=28517.1 p50=54.6
kds-insertN-relaxed-k2-s4-r0 load 2.69->2.90 stmts=378409 errors=0 refusals=0 client_bound=False cores=['0.0', '1.0'] stmt/s=47300.9 p50=55.8
kds-insertN-relaxed-k2-s4-r1 load 2.90->2.80 stmts=365437 errors=0 refusals=0 client_bound=False cores=['0.0', '1.0'] stmt/s=45679.4 p50=55.8
kds-insertN-relaxed-k2-s4-r2 load 2.80->3.04 stmts=371440 errors=0 refusals=0 client_bound=False cores=['0.0', '1.0'] stmt/s=46429.7 p50=55.9
kds-insertN-relaxed-k2-s8-r0 load 3.04->3.38 stmts=503545 errors=0 refusals=0 client_bound=False cores=['0.0', '1.0'] stmt/s=60342.8 p50=80.2
kds-insertN-relaxed-k2-s8-r1 load 3.38->3.23 stmts=480446 errors=0 refusals=0 client_bound=False cores=['0.0', '1.0'] stmt/s=60760.9 p50=91.8
kds-insertN-relaxed-k2-s8-r2 load 3.23->4.08 stmts=504190 errors=0 refusals=0 client_bound=False cores=['0.0', '1.0'] stmt/s=60141.8 p50=79.7
kds-insertN-relaxed-k2-s16-r0 load 4.08->4.87 stmts=517775 errors=0 refusals=0 client_bound=False cores=['0.0', '1.0'] stmt/s=64646.8 p50=153.0
kds-insertN-relaxed-k2-s16-r1 load 4.56->6.62 stmts=520055 errors=0 refusals=0 client_bound=False cores=['0.0', '1.0'] stmt/s=64877.6 p50=151.2
kds-insertN-relaxed-k2-s16-r2 load 5.60->8.05 stmts=516970 errors=0 refusals=0 client_bound=False cores=['0.0', '1.0'] stmt/s=64547.5 p50=154.2
kds-insertN-relaxed-k4-s1-r0 load 5.99->4.95 stmts=138748 errors=0 refusals=0 client_bound=False cores=['1.0'] stmt/s=17343.5 p50=49.7
kds-insertN-relaxed-k4-s1-r1 load 4.95->4.08 stmts=138450 errors=0 refusals=0 client_bound=False cores=['3.0'] stmt/s=17306.3 p50=50.2
kds-insertN-relaxed-k4-s1-r2 load 4.08->3.68 stmts=138757 errors=0 refusals=0 client_bound=False cores=['1.0'] stmt/s=17344.6 p50=49.8
kds-insertN-relaxed-k4-s2-r0 load 3.68->3.47 stmts=197419 errors=0 refusals=0 client_bound=False cores=['1.0', '2.0'] stmt/s=24559.6 p50=60.9
kds-insertN-relaxed-k4-s2-r1 load 3.47->3.24 stmts=170029 errors=0 refusals=0 client_bound=False cores=['2.0', '3.0'] stmt/s=21253.5 p50=82.1
kds-insertN-relaxed-k4-s2-r2 load 3.24->3.05 stmts=210849 errors=0 refusals=0 client_bound=False cores=['1.0', '3.0'] stmt/s=26356.0 p50=60.5
kds-insertN-relaxed-k4-s4-r0 load 3.05->3.16 stmts=286422 errors=0 refusals=0 client_bound=False cores=['1.0', '2.0'] stmt/s=35786.7 p50=72.8
kds-insertN-relaxed-k4-s4-r1 load 3.16->3.75 stmts=271022 errors=0 refusals=0 client_bound=False cores=['1.0', '2.0', '3.0'] stmt/s=33864.2 p50=84.8
kds-insertN-relaxed-k4-s4-r2 load 3.75->4.12 stmts=294212 errors=0 refusals=0 client_bound=False cores=['0.0', '2.0', '3.0'] stmt/s=35718.2 p50=80.9
kds-insertN-relaxed-k4-s8-r0 load 4.12->3.95 stmts=369578 errors=0 refusals=0 client_bound=False cores=['0.0', '1.0', '2.0', '3.0'] stmt/s=46170.7 p50=95.1
kds-insertN-relaxed-k4-s8-r1 load 3.95->4.16 stmts=425283 errors=0 refusals=0 client_bound=False cores=['0.0', '1.0', '2.0'] stmt/s=55230.6 p50=93.3
kds-insertN-relaxed-k4-s8-r2 load 4.16->4.23 stmts=274664 errors=0 refusals=0 client_bound=False cores=['1.0', '2.0', '3.0'] stmt/s=34316.7 p50=208.2
kds-insertN-relaxed-k4-s16-r0 load 4.23->4.97 stmts=405956 errors=0 refusals=0 client_bound=False cores=['0.0', '1.0', '2.0', '3.0'] stmt/s=53013.2 p50=113.4
kds-insertN-relaxed-k4-s16-r1 load 4.73->6.37 stmts=397606 errors=0 refusals=0 client_bound=False cores=['0.0', '1.0', '2.0', '3.0'] stmt/s=52314.7 p50=115.3
kds-insertN-relaxed-k4-s16-r2 load 5.86->6.45 stmts=458960 errors=0 refusals=0 client_bound=False cores=['0.0', '1.0', '2.0', '3.0'] stmt/s=58285.5 p50=153.5
kds-insertN-group-k1-s1-r0 load 5.94->5.00 stmts=5638 errors=0 refusals=0 client_bound=False cores=['0.0'] stmt/s=704.7 p50=1256.7
kds-insertN-group-k1-s1-r1 load 5.00->4.04 stmts=5505 errors=0 refusals=0 client_bound=False cores=['0.0'] stmt/s=688.0 p50=1279.2
kds-insertN-group-k1-s1-r2 load 4.04->3.57 stmts=5605 errors=0 refusals=0 client_bound=False cores=['0.0'] stmt/s=700.7 p50=1242.2
kds-insertN-group-k1-s2-r0 load 3.57->2.93 stmts=5632 errors=0 refusals=0 client_bound=False cores=['0.0'] stmt/s=703.9 p50=2471.8
kds-insertN-group-k1-s2-r1 load 2.93->2.44 stmts=5819 errors=0 refusals=0 client_bound=False cores=['0.0'] stmt/s=727.0 p50=2433.1
kds-insertN-group-k1-s2-r2 load 2.44->2.22 stmts=5749 errors=0 refusals=0 client_bound=False cores=['0.0'] stmt/s=718.5 p50=2424.9
kds-insertN-group-k1-s4-r0 load 2.22->2.01 stmts=10978 errors=0 refusals=0 client_bound=False cores=['0.0'] stmt/s=1371.8 p50=2564.4
kds-insertN-group-k1-s4-r1 load 2.01->1.72 stmts=11218 errors=0 refusals=0 client_bound=False cores=['0.0'] stmt/s=1402.1 p50=2546.2
kds-insertN-group-k1-s4-r2 load 1.72->1.65 stmts=11012 errors=0 refusals=0 client_bound=False cores=['0.0'] stmt/s=1376.3 p50=2522.7
kds-insertN-group-k1-s8-r0 load 1.65->1.62 stmts=21400 errors=0 refusals=0 client_bound=False cores=['0.0'] stmt/s=2673.3 p50=2624.6
kds-insertN-group-k1-s8-r1 load 1.62->1.42 stmts=21679 errors=0 refusals=0 client_bound=False cores=['0.0'] stmt/s=2708.2 p50=2603.2
kds-insertN-group-k1-s8-r2 load 1.42->1.25 stmts=21966 errors=0 refusals=0 client_bound=False cores=['0.0'] stmt/s=2744.0 p50=2613.4
kds-insertN-group-k1-s16-r0 load 1.25->1.13 stmts=39394 errors=0 refusals=0 client_bound=False cores=['0.0'] stmt/s=4918.3 p50=2788.4
kds-insertN-group-k1-s16-r1 load 1.13->1.11 stmts=39968 errors=0 refusals=0 client_bound=False cores=['0.0'] stmt/s=4989.9 p50=2821.0
kds-insertN-group-k1-s16-r2 load 1.11->2.10 stmts=39163 errors=0 refusals=0 client_bound=False cores=['0.0'] stmt/s=4889.7 p50=2858.2
kds-insertN-group-k2-s1-r0 load 2.10->1.94 stmts=5524 errors=0 refusals=0 client_bound=False cores=['1.0'] stmt/s=690.7 p50=1255.6
kds-insertN-group-k2-s1-r1 load 1.94->1.75 stmts=5278 errors=0 refusals=0 client_bound=False cores=['0.0'] stmt/s=659.7 p50=1301.3
kds-insertN-group-k2-s1-r2 load 1.75->1.94 stmts=5511 errors=0 refusals=0 client_bound=False cores=['1.0'] stmt/s=688.9 p50=1259.2
kds-insertN-group-k2-s2-r0 load 1.94->1.82 stmts=5638 errors=0 refusals=0 client_bound=False cores=['0.0', '1.0'] stmt/s=704.7 p50=2452.7
kds-insertN-group-k2-s2-r1 load 1.82->1.72 stmts=5741 errors=0 refusals=0 client_bound=False cores=['0.0', '1.0'] stmt/s=717.3 p50=2400.8
kds-insertN-group-k2-s2-r2 load 1.72->1.77 stmts=5981 errors=0 refusals=0 client_bound=False cores=['1.0'] stmt/s=747.5 p50=2413.4
kds-insertN-group-k2-s4-r0 load 1.77->1.97 stmts=11488 errors=0 refusals=0 client_bound=False cores=['1.0'] stmt/s=1434.0 p50=2441.3
kds-insertN-group-k2-s4-r1 load 1.97->1.92 stmts=6623 errors=0 refusals=0 client_bound=False cores=['0.0', '1.0'] stmt/s=827.8 p50=2610.8
kds-insertN-group-k2-s4-r2 load 1.92->1.87 stmts=8575 errors=0 refusals=0 client_bound=False cores=['0.0', '1.0'] stmt/s=1071.7 p50=2448.6
kds-insertN-group-k2-s8-r0 load 1.87->1.89 stmts=8663 errors=0 refusals=0 client_bound=False cores=['0.0', '1.0'] stmt/s=1082.3 p50=2425.6
kds-insertN-group-k2-s8-r1 load 1.89->2.47 stmts=11553 errors=0 refusals=0 client_bound=False cores=['0.0', '1.0'] stmt/s=1441.1 p50=2434.1
kds-insertN-group-k2-s8-r2 load 2.47->2.23 stmts=11656 errors=0 refusals=0 client_bound=False cores=['0.0', '1.0'] stmt/s=1456.2 p50=2407.2
kds-insertN-group-k2-s16-r0 load 2.23->2.05 stmts=28501 errors=0 refusals=0 client_bound=False cores=['0.0', '1.0'] stmt/s=3557.5 p50=2416.5
kds-insertN-group-k2-s16-r1 load 2.05->2.66 stmts=31198 errors=0 refusals=0 client_bound=False cores=['0.0', '1.0'] stmt/s=3895.0 p50=2417.4
kds-insertN-group-k2-s16-r2 load 2.66->2.82 stmts=23313 errors=0 refusals=0 client_bound=False cores=['0.0', '1.0'] stmt/s=2911.7 p50=2376.3
kds-insertN-group-k4-s1-r0 load 2.82->2.58 stmts=5494 errors=0 refusals=0 client_bound=False cores=['2.0'] stmt/s=686.9 p50=1259.7
kds-insertN-group-k4-s1-r1 load 2.58->2.31 stmts=5463 errors=0 refusals=0 client_bound=False cores=['3.0'] stmt/s=682.9 p50=1262.5
kds-insertN-group-k4-s1-r2 load 2.31->2.26 stmts=5596 errors=0 refusals=0 client_bound=False cores=['3.0'] stmt/s=699.5 p50=1241.6
kds-insertN-group-k4-s2-r0 load 2.26->2.15 stmts=5606 errors=0 refusals=0 client_bound=False cores=['0.0', '2.0'] stmt/s=700.7 p50=2450.7
kds-insertN-group-k4-s2-r1 load 2.15->2.05 stmts=5465 errors=0 refusals=0 client_bound=False cores=['0.0', '2.0'] stmt/s=683.2 p50=2473.7
kds-insertN-group-k4-s2-r2 load 2.05->2.04 stmts=5520 errors=0 refusals=0 client_bound=False cores=['0.0', '2.0'] stmt/s=690.0 p50=2431.8
kds-insertN-group-k4-s4-r0 load 2.04->2.18 stmts=11539 errors=0 refusals=0 client_bound=False cores=['1.0', '3.0'] stmt/s=1440.5 p50=2393.3
kds-insertN-group-k4-s4-r1 load 2.18->2.16 stmts=11779 errors=0 refusals=0 client_bound=False cores=['1.0', '3.0'] stmt/s=1472.1 p50=2380.2
kds-insertN-group-k4-s4-r2 load 2.16->2.30 stmts=11479 errors=0 refusals=0 client_bound=False cores=['1.0', '2.0', '3.0'] stmt/s=1434.2 p50=2434.2
kds-insertN-group-k4-s8-r0 load 2.30->2.88 stmts=17261 errors=0 refusals=0 client_bound=False cores=['0.0', '1.0', '2.0'] stmt/s=2156.0 p50=2445.9
kds-insertN-group-k4-s8-r1 load 2.88->3.42 stmts=23165 errors=0 refusals=0 client_bound=False cores=['1.0', '2.0', '3.0'] stmt/s=2894.6 p50=2381.3
kds-insertN-group-k4-s8-r2 load 3.42->3.12 stmts=8727 errors=0 refusals=0 client_bound=False cores=['0.0', '1.0', '3.0'] stmt/s=1090.4 p50=2423.6
kds-insertN-group-k4-s16-r0 load 3.12->3.27 stmts=31365 errors=0 refusals=0 client_bound=False cores=['0.0', '1.0', '2.0', '3.0'] stmt/s=3915.4 p50=2428.1
kds-insertN-group-k4-s16-r1 load 3.27->3.45 stmts=40612 errors=0 refusals=0 client_bound=False cores=['0.0', '1.0', '2.0', '3.0'] stmt/s=5070.9 p50=2406.9
kds-insertN-group-k4-s16-r2 load 3.45->3.30 stmts=33852 errors=0 refusals=0 client_bound=False cores=['0.0', '1.0', '2.0', '3.0'] stmt/s=4225.9 p50=2447.8
kds-insertN-strict-k1-s1-r0 load 3.30->2.73 stmts=5640 errors=0 refusals=0 client_bound=False cores=['0.0'] stmt/s=705.0 p50=1230.3
kds-insertN-strict-k1-s1-r1 load 2.73->2.53 stmts=5467 errors=0 refusals=0 client_bound=False cores=['0.0'] stmt/s=683.4 p50=1291.3
kds-insertN-strict-k1-s1-r2 load 2.53->2.26 stmts=5503 errors=0 refusals=0 client_bound=False cores=['0.0'] stmt/s=687.8 p50=1281.4
kds-insertN-strict-k1-s2-r0 load 2.26->1.91 stmts=5834 errors=0 refusals=0 client_bound=False cores=['0.0'] stmt/s=729.1 p50=2434.5
kds-insertN-strict-k1-s2-r1 load 1.91->1.72 stmts=5688 errors=0 refusals=0 client_bound=False cores=['0.0'] stmt/s=711.1 p50=2466.8
kds-insertN-strict-k1-s2-r2 load 1.72->1.61 stmts=5895 errors=0 refusals=0 client_bound=False cores=['0.0'] stmt/s=736.8 p50=2440.6
kds-insertN-strict-k1-s4-r0 load 1.61->1.63 stmts=5986 errors=0 refusals=0 client_bound=False cores=['0.0'] stmt/s=748.2 p50=3804.8
kds-insertN-strict-k1-s4-r1 load 1.63->1.42 stmts=5859 errors=0 refusals=0 client_bound=False cores=['0.0'] stmt/s=732.0 p50=3865.5
kds-insertN-strict-k1-s4-r2 load 1.42->1.26 stmts=5954 errors=0 refusals=0 client_bound=False cores=['0.0'] stmt/s=743.7 p50=3847.0
kds-insertN-strict-k1-s8-r0 load 1.26->1.22 stmts=5925 errors=0 refusals=0 client_bound=False cores=['0.0'] stmt/s=739.7 p50=8625.9
kds-insertN-strict-k1-s8-r1 load 1.22->1.10 stmts=6001 errors=0 refusals=0 client_bound=False cores=['0.0'] stmt/s=749.3 p50=8560.1
kds-insertN-strict-k1-s8-r2 load 1.10->1.09 stmts=5716 errors=0 refusals=0 client_bound=False cores=['0.0'] stmt/s=713.7 p50=8777.1
kds-insertN-strict-k1-s16-r0 load 1.09->1.08 stmts=5944 errors=0 refusals=0 client_bound=False cores=['0.0'] stmt/s=740.4 p50=18681.8
kds-insertN-strict-k1-s16-r1 load 1.08->1.06 stmts=5826 errors=0 refusals=0 client_bound=False cores=['0.0'] stmt/s=726.4 p50=19193.8
kds-insertN-strict-k1-s16-r2 load 1.06->1.13 stmts=5758 errors=0 refusals=0 client_bound=False cores=['0.0'] stmt/s=717.7 p50=19156.6
kds-insertN-strict-k2-s1-r0 load 1.13->1.10 stmts=5526 errors=0 refusals=0 client_bound=False cores=['0.0'] stmt/s=691.1 p50=1269.4
kds-insertN-strict-k2-s1-r1 load 1.10->1.09 stmts=5648 errors=0 refusals=0 client_bound=False cores=['0.0'] stmt/s=706.0 p50=1237.0
kds-insertN-strict-k2-s1-r2 load 1.09->1.00 stmts=5774 errors=0 refusals=0 client_bound=False cores=['0.0'] stmt/s=721.8 p50=1232.3
kds-insertN-strict-k2-s2-r0 load 1.00->0.93 stmts=5362 errors=0 refusals=0 client_bound=False cores=['0.0', '1.0'] stmt/s=670.1 p50=2422.2
kds-insertN-strict-k2-s2-r1 load 0.93->0.88 stmts=5719 errors=0 refusals=0 client_bound=False cores=['1.0'] stmt/s=714.8 p50=2477.9
kds-insertN-strict-k2-s2-r2 load 0.88->0.90 stmts=5764 errors=0 refusals=0 client_bound=False cores=['0.0'] stmt/s=720.4 p50=2463.9
kds-insertN-strict-k2-s4-r0 load 0.90->0.85 stmts=6254 errors=0 refusals=0 client_bound=False cores=['0.0', '1.0'] stmt/s=781.3 p50=3750.7
kds-insertN-strict-k2-s4-r1 load 0.85->0.97 stmts=5350 errors=0 refusals=0 client_bound=False cores=['1.0'] stmt/s=668.4 p50=4333.3
kds-insertN-strict-k2-s4-r2 load 0.97->1.05 stmts=6138 errors=0 refusals=0 client_bound=False cores=['0.0', '1.0'] stmt/s=766.9 p50=4715.0
kds-insertN-strict-k2-s8-r0 load 1.05->1.04 stmts=5848 errors=0 refusals=0 client_bound=False cores=['0.0', '1.0'] stmt/s=729.7 p50=9645.2
kds-insertN-strict-k2-s8-r1 load 1.04->0.96 stmts=6068 errors=0 refusals=0 client_bound=False cores=['0.0', '1.0'] stmt/s=757.4 p50=9494.0
kds-insertN-strict-k2-s8-r2 load 0.96->1.06 stmts=6055 errors=0 refusals=0 client_bound=False cores=['0.0', '1.0'] stmt/s=755.9 p50=9355.2
kds-insertN-strict-k2-s16-r0 load 1.06->1.05 stmts=6030 errors=0 refusals=0 client_bound=False cores=['0.0', '1.0'] stmt/s=751.7 p50=18761.1
kds-insertN-strict-k2-s16-r1 load 1.05->1.11 stmts=5995 errors=0 refusals=0 client_bound=False cores=['0.0', '1.0'] stmt/s=747.5 p50=18745.7
kds-insertN-strict-k2-s16-r2 load 1.11->1.01 stmts=6112 errors=0 refusals=0 client_bound=False cores=['0.0', '1.0'] stmt/s=762.0 p50=18451.8
kds-insertN-strict-k4-s1-r0 load 1.01->0.94 stmts=5478 errors=0 refusals=0 client_bound=False cores=['3.0'] stmt/s=684.8 p50=1277.7
kds-insertN-strict-k4-s1-r1 load 0.94->1.19 stmts=5538 errors=0 refusals=0 client_bound=False cores=['2.0'] stmt/s=692.3 p50=1271.0
kds-insertN-strict-k4-s1-r2 load 1.19->1.08 stmts=5608 errors=0 refusals=0 client_bound=False cores=['2.0'] stmt/s=701.0 p50=1264.0
kds-insertN-strict-k4-s2-r0 load 1.08->0.99 stmts=5536 errors=0 refusals=0 client_bound=False cores=['3.0'] stmt/s=692.1 p50=2496.5
kds-insertN-strict-k4-s2-r1 load 0.99->1.01 stmts=6001 errors=0 refusals=0 client_bound=False cores=['1.0', '2.0'] stmt/s=750.1 p50=2372.1
kds-insertN-strict-k4-s2-r2 load 1.01->1.01 stmts=5978 errors=0 refusals=0 client_bound=False cores=['0.0', '2.0'] stmt/s=747.1 p50=2377.4
kds-insertN-strict-k4-s4-r0 load 1.01->1.01 stmts=8643 errors=0 refusals=0 client_bound=False cores=['1.0', '2.0', '3.0'] stmt/s=1079.7 p50=2580.8
kds-insertN-strict-k4-s4-r1 load 1.01->1.01 stmts=8066 errors=0 refusals=0 client_bound=False cores=['0.0', '1.0', '3.0'] stmt/s=1007.6 p50=3660.4
kds-insertN-strict-k4-s4-r2 load 1.01->1.33 stmts=5986 errors=0 refusals=0 client_bound=False cores=['0.0', '3.0'] stmt/s=747.9 p50=4717.1
kds-insertN-strict-k4-s8-r0 load 1.33->1.36 stmts=10847 errors=0 refusals=0 client_bound=False cores=['0.0', '1.0', '2.0', '3.0'] stmt/s=1353.6 p50=3306.5
kds-insertN-strict-k4-s8-r1 load 1.36->1.28 stmts=8261 errors=0 refusals=0 client_bound=False cores=['0.0', '1.0', '2.0', '3.0'] stmt/s=1032.2 p50=7009.4
kds-insertN-strict-k4-s8-r2 load 1.28->1.15 stmts=9022 errors=0 refusals=0 client_bound=False cores=['1.0', '2.0', '3.0'] stmt/s=1125.9 p50=5062.1
kds-insertN-strict-k4-s16-r0 load 1.15->1.13 stmts=7904 errors=0 refusals=0 client_bound=False cores=['0.0', '1.0', '2.0', '3.0'] stmt/s=985.4 p50=14270.8
kds-insertN-strict-k4-s16-r1 load 1.13->1.17 stmts=7942 errors=0 refusals=0 client_bound=False cores=['0.0', '1.0', '2.0', '3.0'] stmt/s=989.9 p50=13834.2
kds-insertN-strict-k4-s16-r2 load 1.17->1.21 stmts=7106 errors=0 refusals=0 client_bound=False cores=['0.0', '1.0', '2.0', '3.0'] stmt/s=886.2 p50=15623.1
kds-recent-relaxed-k1-s1-r0 load 1.21->1.25 stmts=115728 errors=0 refusals=0 client_bound=False cores=['0.0'] stmt/s=14466.0 p50=66.8
kds-recent-relaxed-k1-s1-r1 load 1.25->1.45 stmts=113632 errors=0 refusals=0 client_bound=False cores=['0.0'] stmt/s=14204.1 p50=66.6
kds-recent-relaxed-k1-s1-r2 load 1.45->1.65 stmts=114162 errors=0 refusals=0 client_bound=False cores=['0.0'] stmt/s=14343.7 p50=67.2
kds-recent-relaxed-k1-s2-r0 load 1.65->1.90 stmts=173560 errors=0 refusals=0 client_bound=False cores=['0.0'] stmt/s=21832.1 p50=81.3
kds-recent-relaxed-k1-s2-r1 load 1.90->1.70 stmts=169900 errors=0 refusals=0 client_bound=False cores=['0.0'] stmt/s=21241.2 p50=82.5
kds-recent-relaxed-k1-s2-r2 load 1.70->1.82 stmts=174574 errors=0 refusals=0 client_bound=False cores=['0.0'] stmt/s=21792.2 p50=81.4
kds-recent-relaxed-k1-s4-r0 load 1.75->2.25 stmts=266732 errors=0 refusals=0 client_bound=False cores=['0.0'] stmt/s=33340.9 p50=88.5
kds-recent-relaxed-k1-s4-r1 load 2.25->2.05 stmts=263656 errors=0 refusals=0 client_bound=False cores=['0.0'] stmt/s=32956.4 p50=90.6
kds-recent-relaxed-k1-s4-r2 load 2.05->2.05 stmts=272728 errors=0 refusals=0 client_bound=False cores=['0.0'] stmt/s=34090.3 p50=89.9
kds-recent-relaxed-k1-s8-r0 load 2.05->2.28 stmts=270906 errors=0 refusals=0 client_bound=False cores=['0.0'] stmt/s=33847.1 p50=183.1
kds-recent-relaxed-k1-s8-r1 load 2.28->2.93 stmts=267020 errors=0 refusals=0 client_bound=False cores=['0.0'] stmt/s=33499.3 p50=178.1
kds-recent-relaxed-k1-s8-r2 load 2.93->3.24 stmts=280044 errors=0 refusals=0 client_bound=False cores=['0.0'] stmt/s=34998.0 p50=180.7
kds-recent-relaxed-k1-s16-r0 load 3.24->3.12 stmts=275910 errors=0 refusals=0 client_bound=False cores=['0.0'] stmt/s=34449.9 p50=342.4
kds-recent-relaxed-k1-s16-r1 load 3.12->2.90 stmts=265826 errors=0 refusals=0 client_bound=False cores=['0.0'] stmt/s=33475.4 p50=358.4
kds-recent-relaxed-k1-s16-r2 load 2.90->3.28 stmts=273284 errors=0 refusals=0 client_bound=False cores=['0.0'] stmt/s=34206.1 p50=325.9
kds-recent-relaxed-k2-s1-r0 load 3.28->3.01 stmts=112160 errors=0 refusals=0 client_bound=False cores=['1.0'] stmt/s=14020.0 p50=67.0
kds-recent-relaxed-k2-s1-r1 load 3.01->2.70 stmts=113624 errors=0 refusals=0 client_bound=False cores=['1.0'] stmt/s=14203.1 p50=67.0
kds-recent-relaxed-k2-s1-r2 load 2.70->2.26 stmts=112354 errors=0 refusals=0 client_bound=False cores=['1.0'] stmt/s=14044.2 p50=66.9
kds-recent-relaxed-k2-s2-r0 load 2.26->2.22 stmts=169736 errors=0 refusals=0 client_bound=False cores=['0.0', '1.0'] stmt/s=21217.1 p50=86.0
kds-recent-relaxed-k2-s2-r1 load 2.22->2.35 stmts=168396 errors=0 refusals=0 client_bound=False cores=['0.0'] stmt/s=21049.7 p50=83.2
kds-recent-relaxed-k2-s2-r2 load 2.32->2.42 stmts=168510 errors=0 refusals=0 client_bound=False cores=['0.0'] stmt/s=21063.5 p50=83.7
kds-recent-relaxed-k2-s4-r0 load 2.42->2.66 stmts=307474 errors=0 refusals=1 client_bound=False cores=['0.0', '1.0'] stmt/s=38434.2 p50=83.0
kds-recent-relaxed-k2-s4-r1 load 2.66->2.60 stmts=305596 errors=0 refusals=1 client_bound=False cores=['0.0', '1.0'] stmt/s=37931.4 p50=81.0
kds-recent-relaxed-k2-s4-r2 load 2.60->2.80 stmts=293316 errors=0 refusals=1 client_bound=False cores=['0.0', '1.0'] stmt/s=36456.4 p50=82.6
kds-recent-relaxed-k2-s8-r0 load 2.80->3.51 stmts=383018 errors=0 refusals=1 client_bound=False cores=['0.0', '1.0'] stmt/s=47953.3 p50=108.5
kds-recent-relaxed-k2-s8-r1 load 3.31->3.79 stmts=322596 errors=0 refusals=0 client_bound=False cores=['0.0', '1.0'] stmt/s=40302.4 p50=147.8
kds-recent-relaxed-k2-s8-r2 load 3.79->3.88 stmts=379072 errors=0 refusals=0 client_bound=False cores=['0.0', '1.0'] stmt/s=47494.7 p50=106.6
kds-recent-relaxed-k2-s16-r0 load 3.88->5.63 stmts=412054 errors=0 refusals=1 client_bound=False cores=['0.0', '1.0'] stmt/s=51442.7 p50=194.6
kds-recent-relaxed-k2-s16-r1 load 5.63->6.03 stmts=426364 errors=0 refusals=0 client_bound=False cores=['0.0', '1.0'] stmt/s=53232.9 p50=190.7
kds-recent-relaxed-k2-s16-r2 load 5.55->5.48 stmts=430424 errors=0 refusals=0 client_bound=False cores=['0.0', '1.0'] stmt/s=53292.0 p50=190.4
kds-recent-relaxed-k4-s1-r0 load 5.48->5.10 stmts=110628 errors=0 refusals=0 client_bound=False cores=['2.0'] stmt/s=13828.4 p50=68.7
kds-recent-relaxed-k4-s1-r1 load 5.10->4.19 stmts=110570 errors=0 refusals=0 client_bound=False cores=['3.0'] stmt/s=13785.3 p50=68.6
kds-recent-relaxed-k4-s1-r2 load 4.19->3.42 stmts=109628 errors=0 refusals=0 client_bound=False cores=['1.0'] stmt/s=13703.5 p50=68.4
kds-recent-relaxed-k4-s2-r0 load 3.42->3.13 stmts=138138 errors=0 refusals=0 client_bound=False cores=['0.0', '2.0'] stmt/s=17267.1 p50=110.8
kds-recent-relaxed-k4-s2-r1 load 3.13->3.11 stmts=137996 errors=0 refusals=0 client_bound=False cores=['2.0', '3.0'] stmt/s=17249.2 p50=109.9
kds-recent-relaxed-k4-s2-r2 load 3.11->3.20 stmts=161780 errors=0 refusals=0 client_bound=False cores=['1.0', '2.0'] stmt/s=20222.2 p50=90.3
kds-recent-relaxed-k4-s4-r0 load 3.20->3.79 stmts=211888 errors=0 refusals=0 client_bound=False cores=['0.0', '2.0', '3.0'] stmt/s=26472.7 p50=107.5
kds-recent-relaxed-k4-s4-r1 load 3.79->3.87 stmts=270420 errors=0 refusals=0 client_bound=False cores=['0.0', '1.0', '3.0'] stmt/s=33785.9 p50=91.5
kds-recent-relaxed-k4-s4-r2 load 3.87->4.12 stmts=211212 errors=0 refusals=0 client_bound=False cores=['1.0', '2.0'] stmt/s=26389.6 p50=141.5
kds-recent-relaxed-k4-s8-r0 load 4.12->4.73 stmts=314254 errors=0 refusals=0 client_bound=False cores=['0.0', '1.0', '2.0', '3.0'] stmt/s=38961.9 p50=150.1
kds-recent-relaxed-k4-s8-r1 load 4.73->5.07 stmts=306782 errors=0 refusals=0 client_bound=False cores=['1.0', '2.0', '3.0'] stmt/s=38292.3 p50=148.4
kds-recent-relaxed-k4-s8-r2 load 5.07->5.16 stmts=364068 errors=0 refusals=0 client_bound=False cores=['0.0', '1.0', '3.0'] stmt/s=45486.0 p50=108.7
kds-recent-relaxed-k4-s16-r0 load 5.16->4.24 stmts=377316 errors=0 refusals=0 client_bound=False cores=['0.0', '1.0', '2.0', '3.0'] stmt/s=46590.3 p50=182.0
kds-recent-relaxed-k4-s16-r1 load 4.24->5.28 stmts=271526 errors=0 refusals=0 client_bound=False cores=['0.0', '2.0', '3.0'] stmt/s=33874.0 p50=246.7
kds-recent-relaxed-k4-s16-r2 load 5.28->5.95 stmts=381478 errors=0 refusals=0 client_bound=False cores=['0.0', '1.0', '2.0', '3.0'] stmt/s=47366.7 p50=155.3
kds-recent-group-k1-s1-r0 load 5.95->4.79 stmts=10196 errors=0 refusals=0 client_bound=False cores=['0.0'] stmt/s=1274.3 p50=1026.1
kds-recent-group-k1-s1-r1 load 4.79->3.88 stmts=9672 errors=0 refusals=0 client_bound=False cores=['0.0'] stmt/s=1209.4 p50=1060.4
kds-recent-group-k1-s1-r2 load 3.88->3.44 stmts=10252 errors=0 refusals=0 client_bound=False cores=['0.0'] stmt/s=1281.8 p50=214.8
kds-recent-group-k1-s2-r0 load 3.24->2.90 stmts=10544 errors=0 refusals=0 client_bound=False cores=['0.0'] stmt/s=1318.3 p50=1294.1
kds-recent-group-k1-s2-r1 load 2.90->2.41 stmts=10852 errors=0 refusals=0 client_bound=False cores=['0.0'] stmt/s=1356.2 p50=1300.4
kds-recent-group-k1-s2-r2 load 2.41->2.03 stmts=10902 errors=0 refusals=0 client_bound=False cores=['0.0'] stmt/s=1362.0 p50=1295.7
kds-recent-group-k1-s4-r0 load 2.03->1.95 stmts=16202 errors=0 refusals=0 client_bound=False cores=['0.0'] stmt/s=2025.3 p50=1502.7
kds-recent-group-k1-s4-r1 load 1.95->2.03 stmts=13982 errors=0 refusals=0 client_bound=False cores=['0.0'] stmt/s=1747.6 p50=2326.8
kds-recent-group-k1-s4-r2 load 2.03->1.88 stmts=14190 errors=0 refusals=0 client_bound=False cores=['0.0'] stmt/s=1777.2 p50=2276.3
kds-recent-group-k1-s8-r0 load 1.88->1.62 stmts=27930 errors=0 refusals=0 client_bound=False cores=['0.0'] stmt/s=3489.0 p50=2309.4
kds-recent-group-k1-s8-r1 load 1.62->1.52 stmts=26352 errors=0 refusals=0 client_bound=False cores=['0.0'] stmt/s=3293.2 p50=2399.8
kds-recent-group-k1-s8-r2 load 1.52->1.86 stmts=26898 errors=0 refusals=0 client_bound=False cores=['0.0'] stmt/s=3361.2 p50=2386.4
kds-recent-group-k1-s16-r0 load 1.86->1.60 stmts=50844 errors=0 refusals=0 client_bound=False cores=['0.0'] stmt/s=6358.1 p50=2552.1
kds-recent-group-k1-s16-r1 load 1.60->1.40 stmts=48032 errors=0 refusals=0 client_bound=False cores=['0.0'] stmt/s=6000.0 p50=2611.3
kds-recent-group-k1-s16-r2 load 1.40->1.34 stmts=48088 errors=0 refusals=0 client_bound=False cores=['0.0'] stmt/s=6033.4 p50=2629.8
kds-recent-group-k2-s1-r0 load 1.34->1.49 stmts=10022 errors=0 refusals=0 client_bound=False cores=['1.0'] stmt/s=1252.7 p50=272.8
kds-recent-group-k2-s1-r1 load 1.49->1.69 stmts=9792 errors=0 refusals=0 client_bound=False cores=['1.0'] stmt/s=1223.9 p50=1061.1
kds-recent-group-k2-s1-r2 load 1.69->1.53 stmts=10152 errors=0 refusals=0 client_bound=False cores=['0.0'] stmt/s=1269.2 p50=409.0
kds-recent-group-k2-s2-r0 load 1.53->1.61 stmts=10586 errors=0 refusals=0 client_bound=False cores=['0.0', '1.0'] stmt/s=1323.2 p50=265.3
kds-recent-group-k2-s2-r1 load 1.61->1.56 stmts=11374 errors=0 refusals=0 client_bound=False cores=['1.0'] stmt/s=1421.6 p50=356.4
kds-recent-group-k2-s2-r2 load 1.56->1.52 stmts=10804 errors=0 refusals=0 client_bound=False cores=['0.0', '1.0'] stmt/s=1350.5 p50=1082.1
kds-recent-group-k2-s4-r0 load 1.52->1.57 stmts=11258 errors=0 refusals=0 client_bound=False cores=['0.0', '1.0'] stmt/s=1408.4 p50=1957.7
kds-recent-group-k2-s4-r1 load 1.57->1.64 stmts=17028 errors=0 refusals=0 client_bound=False cores=['0.0', '1.0'] stmt/s=2128.0 p50=1027.5
kds-recent-group-k2-s4-r2 load 1.64->1.58 stmts=16746 errors=0 refusals=0 client_bound=False cores=['0.0', '1.0'] stmt/s=2093.9 p50=1019.3
kds-recent-group-k2-s8-r0 load 1.58->1.85 stmts=11596 errors=0 refusals=0 client_bound=False cores=['0.0', '1.0'] stmt/s=1448.1 p50=1898.9
kds-recent-group-k2-s8-r1 load 1.85->1.95 stmts=22316 errors=0 refusals=0 client_bound=False cores=['0.0', '1.0'] stmt/s=2787.9 p50=1890.1
kds-recent-group-k2-s8-r2 load 1.87->1.97 stmts=22362 errors=0 refusals=0 client_bound=False cores=['0.0', '1.0'] stmt/s=2792.7 p50=1989.8
kds-recent-group-k2-s16-r0 load 1.97->1.98 stmts=57802 errors=0 refusals=0 client_bound=False cores=['0.0', '1.0'] stmt/s=7216.8 p50=1909.2
kds-recent-group-k2-s16-r1 load 1.98->2.22 stmts=45194 errors=0 refusals=0 client_bound=False cores=['0.0', '1.0'] stmt/s=5642.4 p50=1866.3
kds-recent-group-k2-s16-r2 load 2.22->2.18 stmts=50674 errors=0 refusals=0 client_bound=False cores=['0.0', '1.0'] stmt/s=6325.0 p50=1835.1
kds-recent-group-k4-s1-r0 load 2.18->2.07 stmts=10000 errors=0 refusals=0 client_bound=False cores=['2.0'] stmt/s=1249.9 p50=370.1
kds-recent-group-k4-s1-r1 load 2.07->1.92 stmts=10080 errors=0 refusals=0 client_bound=False cores=['3.0'] stmt/s=1260.1 p50=383.9
kds-recent-group-k4-s1-r2 load 1.92->1.88 stmts=9838 errors=0 refusals=0 client_bound=False cores=['1.0'] stmt/s=1229.8 p50=390.9
kds-recent-group-k4-s2-r0 load 1.88->2.36 stmts=11692 errors=0 refusals=0 client_bound=False cores=['2.0', '3.0'] stmt/s=1461.4 p50=294.8
kds-recent-group-k4-s2-r1 load 2.36->2.44 stmts=11506 errors=0 refusals=0 client_bound=False cores=['1.0', '3.0'] stmt/s=1436.8 p50=1125.6
kds-recent-group-k4-s2-r2 load 2.44->2.20 stmts=11448 errors=0 refusals=0 client_bound=False cores=['1.0'] stmt/s=1430.8 p50=359.5
kds-recent-group-k4-s4-r0 load 2.20->2.18 stmts=22320 errors=0 refusals=0 client_bound=False cores=['1.0', '3.0'] stmt/s=2788.9 p50=1379.4
kds-recent-group-k4-s4-r1 load 2.18->2.46 stmts=23286 errors=0 refusals=0 client_bound=False cores=['1.0', '2.0', '3.0'] stmt/s=2909.1 p50=1375.0
kds-recent-group-k4-s4-r2 load 2.46->2.44 stmts=16784 errors=0 refusals=0 client_bound=False cores=['0.0', '1.0', '3.0'] stmt/s=2097.6 p50=1225.0
kds-recent-group-k4-s8-r0 load 2.44->2.52 stmts=38794 errors=0 refusals=0 client_bound=False cores=['0.0', '1.0', '2.0', '3.0'] stmt/s=4845.6 p50=1279.5
kds-recent-group-k4-s8-r1 load 2.52->2.72 stmts=39216 errors=0 refusals=0 client_bound=False cores=['0.0', '1.0', '2.0', '3.0'] stmt/s=4897.8 p50=1459.0
kds-recent-group-k4-s8-r2 load 2.72->2.92 stmts=31940 errors=0 refusals=0 client_bound=False cores=['0.0', '1.0', '2.0'] stmt/s=3989.1 p50=1690.9
kds-recent-group-k4-s16-r0 load 2.92->3.97 stmts=59110 errors=0 refusals=0 client_bound=False cores=['0.0', '1.0', '2.0', '3.0'] stmt/s=7375.8 p50=1659.1
kds-recent-group-k4-s16-r1 load 3.97->4.15 stmts=68158 errors=0 refusals=0 client_bound=False cores=['0.0', '1.0', '2.0', '3.0'] stmt/s=8496.0 p50=1631.8
kds-recent-group-k4-s16-r2 load 4.15->4.31 stmts=58836 errors=0 refusals=0 client_bound=False cores=['0.0', '1.0', '2.0', '3.0'] stmt/s=7341.2 p50=1587.9
kds-recent-strict-k1-s1-r0 load 4.31->3.80 stmts=9952 errors=0 refusals=0 client_bound=False cores=['0.0'] stmt/s=1244.1 p50=1034.7
kds-recent-strict-k1-s1-r1 load 3.80->3.18 stmts=10244 errors=0 refusals=0 client_bound=False cores=['0.0'] stmt/s=1280.1 p50=1040.0
kds-recent-strict-k1-s1-r2 load 3.18->2.63 stmts=9988 errors=0 refusals=0 client_bound=False cores=['0.0'] stmt/s=1248.5 p50=1022.7
kds-recent-strict-k1-s2-r0 load 2.63->2.20 stmts=10694 errors=0 refusals=0 client_bound=False cores=['0.0'] stmt/s=1336.8 p50=1296.7
kds-recent-strict-k1-s2-r1 load 2.20->2.17 stmts=10816 errors=0 refusals=0 client_bound=False cores=['0.0'] stmt/s=1353.9 p50=1286.2
kds-recent-strict-k1-s2-r2 load 2.17->1.91 stmts=10558 errors=0 refusals=0 client_bound=False cores=['0.0'] stmt/s=1319.9 p50=1294.4
kds-recent-strict-k1-s4-r0 load 1.91->1.64 stmts=10976 errors=0 refusals=0 client_bound=False cores=['0.0'] stmt/s=1373.2 p50=2561.9
kds-recent-strict-k1-s4-r1 load 1.64->1.54 stmts=10956 errors=0 refusals=0 client_bound=False cores=['0.0'] stmt/s=1371.4 p50=2567.8
kds-recent-strict-k1-s4-r2 load 1.54->1.49 stmts=10554 errors=0 refusals=0 client_bound=False cores=['0.0'] stmt/s=1319.4 p50=2699.6
kds-recent-strict-k1-s8-r0 load 1.49->1.31 stmts=11004 errors=0 refusals=0 client_bound=False cores=['0.0'] stmt/s=1374.7 p50=5241.0
kds-recent-strict-k1-s8-r1 load 1.31->1.17 stmts=10964 errors=0 refusals=0 client_bound=False cores=['0.0'] stmt/s=1372.1 p50=5209.7
kds-recent-strict-k1-s8-r2 load 1.17->1.15 stmts=10936 errors=0 refusals=0 client_bound=False cores=['0.0'] stmt/s=1366.7 p50=5225.5
kds-recent-strict-k1-s16-r0 load 1.15->1.12 stmts=10988 errors=0 refusals=0 client_bound=False cores=['0.0'] stmt/s=1370.4 p50=10512.5
kds-recent-strict-k1-s16-r1 load 1.12->1.25 stmts=10716 errors=0 refusals=0 client_bound=False cores=['0.0'] stmt/s=1336.1 p50=10481.9
kds-recent-strict-k1-s16-r2 load 1.25->1.19 stmts=10354 errors=0 refusals=0 client_bound=False cores=['0.0'] stmt/s=1294.0 p50=10846.6
kds-recent-strict-k2-s1-r0 load 1.19->1.16 stmts=9900 errors=0 refusals=0 client_bound=False cores=['0.0'] stmt/s=1237.5 p50=1051.9
kds-recent-strict-k2-s1-r1 load 1.16->1.06 stmts=9984 errors=0 refusals=0 client_bound=False cores=['1.0'] stmt/s=1248.1 p50=1071.4
kds-recent-strict-k2-s1-r2 load 1.06->0.98 stmts=10202 errors=0 refusals=0 client_bound=False cores=['0.0'] stmt/s=1274.3 p50=1015.8
kds-recent-strict-k2-s2-r0 load 0.98->0.98 stmts=10622 errors=0 refusals=0 client_bound=False cores=['0.0'] stmt/s=1327.7 p50=1284.9
kds-recent-strict-k2-s2-r1 load 1.14->1.12 stmts=10640 errors=0 refusals=0 client_bound=False cores=['0.0', '1.0'] stmt/s=1329.7 p50=1319.3
kds-recent-strict-k2-s2-r2 load 1.12->1.03 stmts=10896 errors=0 refusals=0 client_bound=False cores=['0.0', '1.0'] stmt/s=1362.1 p50=1274.2
kds-recent-strict-k2-s4-r0 load 1.03->1.03 stmts=11014 errors=0 refusals=0 client_bound=False cores=['0.0', '1.0'] stmt/s=1376.4 p50=2453.4
kds-recent-strict-k2-s4-r1 load 1.03->1.18 stmts=11138 errors=0 refusals=0 client_bound=False cores=['0.0', '1.0'] stmt/s=1391.9 p50=2449.5
kds-recent-strict-k2-s4-r2 load 1.18->1.43 stmts=9658 errors=0 refusals=0 client_bound=False cores=['0.0', '1.0'] stmt/s=1205.8 p50=2468.6
kds-recent-strict-k2-s8-r0 load 1.43->1.56 stmts=10616 errors=0 refusals=0 client_bound=False cores=['0.0', '1.0'] stmt/s=1326.1 p50=2835.3
kds-recent-strict-k2-s8-r1 load 1.56->1.75 stmts=9688 errors=0 refusals=0 client_bound=False cores=['0.0', '1.0'] stmt/s=1209.6 p50=4443.0
kds-recent-strict-k2-s8-r2 load 1.75->1.86 stmts=10940 errors=0 refusals=0 client_bound=False cores=['0.0', '1.0'] stmt/s=1367.6 p50=5007.0
kds-recent-strict-k2-s16-r0 load 1.86->1.81 stmts=11894 errors=0 refusals=0 client_bound=False cores=['0.0', '1.0'] stmt/s=1485.4 p50=9933.1
kds-recent-strict-k2-s16-r1 load 1.81->1.56 stmts=11436 errors=0 refusals=0 client_bound=False cores=['0.0', '1.0'] stmt/s=1427.5 p50=10300.3
kds-recent-strict-k2-s16-r2 load 1.56->1.29 stmts=11820 errors=0 refusals=0 client_bound=False cores=['0.0', '1.0'] stmt/s=1472.1 p50=9733.4
kds-recent-strict-k4-s1-r0 load 1.29->1.48 stmts=10038 errors=0 refusals=0 client_bound=False cores=['2.0'] stmt/s=1254.7 p50=1022.8
kds-recent-strict-k4-s1-r1 load 1.48->1.51 stmts=9682 errors=0 refusals=0 client_bound=False cores=['1.0'] stmt/s=1210.4 p50=1064.7
kds-recent-strict-k4-s1-r2 load 1.51->1.33 stmts=10018 errors=0 refusals=0 client_bound=False cores=['3.0'] stmt/s=1252.3 p50=1071.3
kds-recent-strict-k4-s2-r0 load 1.33->1.19 stmts=10784 errors=0 refusals=0 client_bound=False cores=['0.0', '2.0'] stmt/s=1348.6 p50=1283.6
kds-recent-strict-k4-s2-r1 load 1.19->1.32 stmts=11208 errors=0 refusals=0 client_bound=False cores=['1.0', '2.0'] stmt/s=1400.7 p50=1253.9
kds-recent-strict-k4-s2-r2 load 1.32->1.18 stmts=10650 errors=0 refusals=0 client_bound=False cores=['3.0'] stmt/s=1332.2 p50=1309.6
kds-recent-strict-k4-s4-r0 load 1.18->1.07 stmts=14518 errors=0 refusals=0 client_bound=False cores=['0.0', '1.0', '2.0'] stmt/s=1814.5 p50=2196.5
kds-recent-strict-k4-s4-r1 load 1.07->1.06 stmts=14898 errors=0 refusals=0 client_bound=False cores=['0.0', '2.0', '3.0'] stmt/s=1862.1 p50=2161.0
kds-recent-strict-k4-s4-r2 load 1.06->1.13 stmts=11332 errors=0 refusals=0 client_bound=False cores=['1.0', '3.0'] stmt/s=1415.9 p50=2413.2
kds-recent-strict-k4-s8-r0 load 1.13->1.10 stmts=18656 errors=0 refusals=0 client_bound=False cores=['0.0', '1.0', '2.0', '3.0'] stmt/s=2334.5 p50=3177.3
kds-recent-strict-k4-s8-r1 load 1.10->1.01 stmts=14944 errors=0 refusals=0 client_bound=False cores=['0.0', '1.0', '3.0'] stmt/s=1866.9 p50=3427.4
kds-recent-strict-k4-s8-r2 load 1.01->1.17 stmts=14474 errors=0 refusals=0 client_bound=False cores=['0.0', '1.0', '3.0'] stmt/s=1808.2 p50=3636.9
kds-recent-strict-k4-s16-r0 load 1.17->1.12 stmts=14970 errors=0 refusals=0 client_bound=False cores=['0.0', '1.0', '2.0', '3.0'] stmt/s=1866.7 p50=7505.9
kds-recent-strict-k4-s16-r1 load 1.12->1.02 stmts=17278 errors=0 refusals=0 client_bound=False cores=['0.0', '1.0', '2.0', '3.0'] stmt/s=2156.0 p50=6725.4
kds-recent-strict-k4-s16-r2 load 1.02->0.95 stmts=14552 errors=0 refusals=0 client_bound=False cores=['0.0', '1.0', '2.0', '3.0'] stmt/s=1814.8 p50=7231.6
pg-point-off-s1-r0 load 0.95->0.97 stmts=134265 errors=0 refusals=0 client_bound=False cores=['None'] stmt/s=16783.2 p50=56.8
pg-point-off-s1-r1 load 0.97->0.99 stmts=135796 errors=0 refusals=0 client_bound=False cores=['None'] stmt/s=16974.5 p50=56.5
pg-point-off-s1-r2 load 0.99->0.99 stmts=136527 errors=0 refusals=0 client_bound=False cores=['None'] stmt/s=17065.8 p50=56.2
pg-point-off-s2-r0 load 0.99->1.30 stmts=239930 errors=0 refusals=0 client_bound=False cores=['None'] stmt/s=29991.2 p50=61.7
pg-point-off-s2-r1 load 1.30->1.40 stmts=240933 errors=0 refusals=0 client_bound=False cores=['None'] stmt/s=30116.4 p50=62.2
pg-point-off-s2-r2 load 1.40->1.55 stmts=243487 errors=0 refusals=0 client_bound=False cores=['None'] stmt/s=30435.7 p50=62.2
pg-point-off-s4-r0 load 1.55->2.09 stmts=231901 errors=0 refusals=0 client_bound=False cores=['None'] stmt/s=28987.1 p50=132.3
pg-point-off-s4-r1 load 2.09->2.32 stmts=232607 errors=0 refusals=0 client_bound=False cores=['None'] stmt/s=29075.6 p50=132.0
pg-point-off-s4-r2 load 2.32->2.58 stmts=231307 errors=0 refusals=0 client_bound=False cores=['None'] stmt/s=28912.9 p50=132.3
pg-point-off-s8-r0 load 2.58->3.49 stmts=220276 errors=0 refusals=0 client_bound=False cores=['None'] stmt/s=27524.3 p50=278.5
pg-point-off-s8-r1 load 3.49->4.03 stmts=219194 errors=0 refusals=0 client_bound=False cores=['None'] stmt/s=27388.0 p50=280.2
pg-point-off-s8-r2 load 4.03->4.43 stmts=219593 errors=0 refusals=0 client_bound=False cores=['None'] stmt/s=27437.7 p50=280.3
pg-point-off-s16-r0 load 4.43->6.21 stmts=215944 errors=0 refusals=0 client_bound=False cores=['None'] stmt/s=26959.6 p50=572.5
pg-point-off-s16-r1 load 5.71->6.99 stmts=216104 errors=0 refusals=0 client_bound=False cores=['None'] stmt/s=26981.6 p50=572.2
pg-point-off-s16-r2 load 5.91->7.22 stmts=211641 errors=0 refusals=0 client_bound=False cores=['None'] stmt/s=26425.0 p50=579.6
pg-point-off-s1-r0 load 5.62->4.91 stmts=135668 errors=0 refusals=0 client_bound=False cores=['None'] stmt/s=16958.4 p50=56.5
pg-point-off-s1-r1 load 4.91->3.97 stmts=135432 errors=0 refusals=0 client_bound=False cores=['None'] stmt/s=16929.0 p50=56.7
pg-point-off-s1-r2 load 3.97->3.47 stmts=135060 errors=0 refusals=0 client_bound=False cores=['None'] stmt/s=16882.6 p50=56.8
pg-point-off-s2-r0 load 3.47->3.48 stmts=234847 errors=0 refusals=0 client_bound=False cores=['None'] stmt/s=29355.8 p50=66.9
pg-point-off-s2-r1 load 3.48->3.01 stmts=233476 errors=0 refusals=0 client_bound=False cores=['None'] stmt/s=29184.3 p50=67.0
pg-point-off-s2-r2 load 3.01->2.81 stmts=232421 errors=0 refusals=0 client_bound=False cores=['None'] stmt/s=29052.5 p50=67.1
pg-point-off-s4-r0 load 2.81->3.30 stmts=484758 errors=0 refusals=0 client_bound=False cores=['None'] stmt/s=60594.3 p50=61.0
pg-point-off-s4-r1 load 3.12->3.56 stmts=485973 errors=0 refusals=0 client_bound=False cores=['None'] stmt/s=60746.3 p50=61.1
pg-point-off-s4-r2 load 3.56->3.76 stmts=485322 errors=0 refusals=0 client_bound=False cores=['None'] stmt/s=60664.7 p50=61.2
pg-point-off-s8-r0 load 3.76->4.47 stmts=457220 errors=0 refusals=0 client_bound=False cores=['None'] stmt/s=57128.2 p50=133.1
pg-point-off-s8-r1 load 4.47->5.32 stmts=457334 errors=0 refusals=0 client_bound=False cores=['None'] stmt/s=57143.9 p50=132.0
pg-point-off-s8-r2 load 5.32->5.82 stmts=455517 errors=0 refusals=0 client_bound=False cores=['None'] stmt/s=56918.7 p50=133.2
pg-point-off-s16-r0 load 5.82->7.30 stmts=435211 errors=0 refusals=0 client_bound=False cores=['None'] stmt/s=54335.1 p50=283.5
pg-point-off-s16-r1 load 5.68->7.12 stmts=438407 errors=0 refusals=0 client_bound=False cores=['None'] stmt/s=54738.4 p50=280.9
pg-point-off-s16-r2 load 5.54->7.61 stmts=435986 errors=0 refusals=0 client_bound=False cores=['None'] stmt/s=54433.1 p50=280.7
pg-point-off-s1-r0 load 5.92->4.84 stmts=135331 errors=0 refusals=0 client_bound=False cores=['None'] stmt/s=16916.4 p50=56.5
pg-point-off-s1-r1 load 4.84->4.07 stmts=136830 errors=0 refusals=0 client_bound=False cores=['None'] stmt/s=17103.7 p50=56.2
pg-point-off-s1-r2 load 4.07->3.59 stmts=135987 errors=0 refusals=0 client_bound=False cores=['None'] stmt/s=16998.3 p50=56.3
pg-point-off-s2-r0 load 3.59->3.18 stmts=235058 errors=0 refusals=0 client_bound=False cores=['None'] stmt/s=29382.1 p50=66.7
pg-point-off-s2-r1 load 3.18->2.79 stmts=233530 errors=0 refusals=0 client_bound=False cores=['None'] stmt/s=29191.3 p50=67.3
pg-point-off-s2-r2 load 2.79->2.74 stmts=236092 errors=0 refusals=0 client_bound=False cores=['None'] stmt/s=29511.4 p50=66.2
pg-point-off-s4-r0 load 2.74->3.06 stmts=373379 errors=0 refusals=0 client_bound=False cores=['None'] stmt/s=46672.0 p50=81.7
pg-point-off-s4-r1 load 3.06->3.14 stmts=375747 errors=0 refusals=0 client_bound=False cores=['None'] stmt/s=46968.1 p50=81.2
pg-point-off-s4-r2 load 3.14->3.51 stmts=377229 errors=0 refusals=0 client_bound=False cores=['None'] stmt/s=47153.3 p50=81.0
pg-point-off-s8-r0 load 3.51->5.18 stmts=676548 errors=0 refusals=0 client_bound=False cores=['None'] stmt/s=84531.8 p50=65.4
pg-point-off-s8-r1 load 5.18->6.17 stmts=675416 errors=0 refusals=0 client_bound=False cores=['None'] stmt/s=84396.5 p50=65.5
pg-point-off-s8-r2 load 5.68->6.42 stmts=675594 errors=0 refusals=0 client_bound=False cores=['None'] stmt/s=84410.0 p50=65.2
pg-point-off-s16-r0 load 5.90->8.29 stmts=642772 errors=0 refusals=0 client_bound=False cores=['None'] stmt/s=80255.2 p50=147.5
pg-point-off-s16-r1 load 5.94->8.95 stmts=643331 errors=0 refusals=0 client_bound=False cores=['None'] stmt/s=80326.8 p50=146.8
pg-point-off-s16-r2 load 5.89->8.48 stmts=644209 errors=0 refusals=0 client_bound=False cores=['None'] stmt/s=80434.2 p50=147.4
pg-point-on-s1-r0 load 5.59->4.43 stmts=136763 errors=0 refusals=0 client_bound=False cores=['None'] stmt/s=17095.4 p50=56.1
pg-point-on-s1-r1 load 4.43->3.90 stmts=135718 errors=0 refusals=0 client_bound=False cores=['None'] stmt/s=16964.7 p50=56.6
pg-point-on-s1-r2 load 3.75->3.33 stmts=135193 errors=0 refusals=0 client_bound=False cores=['None'] stmt/s=16899.2 p50=56.7
pg-point-on-s2-r0 load 3.33->3.05 stmts=244966 errors=0 refusals=0 client_bound=False cores=['None'] stmt/s=30620.6 p50=62.3
pg-point-on-s2-r1 load 3.05->2.83 stmts=245463 errors=0 refusals=0 client_bound=False cores=['None'] stmt/s=30682.8 p50=62.1
pg-point-on-s2-r2 load 2.83->2.94 stmts=241819 errors=0 refusals=0 client_bound=False cores=['None'] stmt/s=30227.1 p50=62.2
pg-point-on-s4-r0 load 2.94->3.12 stmts=230345 errors=0 refusals=0 client_bound=False cores=['None'] stmt/s=28792.8 p50=133.3
pg-point-on-s4-r1 load 3.12->3.13 stmts=231079 errors=0 refusals=0 client_bound=False cores=['None'] stmt/s=28884.5 p50=133.1
pg-point-on-s4-r2 load 3.13->3.41 stmts=231585 errors=0 refusals=0 client_bound=False cores=['None'] stmt/s=28947.7 p50=132.8
pg-point-on-s8-r0 load 3.41->3.97 stmts=219106 errors=0 refusals=0 client_bound=False cores=['None'] stmt/s=27376.0 p50=281.5
pg-point-on-s8-r1 load 3.97->4.40 stmts=219616 errors=0 refusals=0 client_bound=False cores=['None'] stmt/s=27440.2 p50=280.8
pg-point-on-s8-r2 load 4.40->5.11 stmts=215791 errors=0 refusals=0 client_bound=False cores=['None'] stmt/s=26960.9 p50=282.4
pg-point-on-s16-r0 load 5.11->6.58 stmts=216596 errors=0 refusals=0 client_bound=False cores=['None'] stmt/s=27042.3 p50=572.0
pg-point-on-s16-r1 load 5.57->7.11 stmts=216675 errors=0 refusals=0 client_bound=False cores=['None'] stmt/s=27050.8 p50=572.1
pg-point-on-s16-r2 load 5.67->7.03 stmts=217275 errors=0 refusals=0 client_bound=False cores=['None'] stmt/s=27127.4 p50=571.1
pg-point-on-s1-r0 load 5.95->5.26 stmts=135934 errors=0 refusals=0 client_bound=False cores=['None'] stmt/s=16991.6 p50=56.6
pg-point-on-s1-r1 load 5.26->4.33 stmts=135705 errors=0 refusals=0 client_bound=False cores=['None'] stmt/s=16963.0 p50=56.7
pg-point-on-s1-r2 load 4.33->3.52 stmts=135603 errors=0 refusals=0 client_bound=False cores=['None'] stmt/s=16950.3 p50=56.7
pg-point-on-s2-r0 load 3.52->3.37 stmts=234075 errors=0 refusals=0 client_bound=False cores=['None'] stmt/s=29259.2 p50=67.1
pg-point-on-s2-r1 load 3.37->2.93 stmts=235171 errors=0 refusals=0 client_bound=False cores=['None'] stmt/s=29396.1 p50=66.6
pg-point-on-s2-r2 load 2.93->2.81 stmts=232855 errors=0 refusals=0 client_bound=False cores=['None'] stmt/s=29106.9 p50=67.4
pg-point-on-s4-r0 load 2.81->3.30 stmts=486283 errors=0 refusals=0 client_bound=False cores=['None'] stmt/s=60785.0 p50=60.9
pg-point-on-s4-r1 load 3.30->3.33 stmts=484469 errors=0 refusals=0 client_bound=False cores=['None'] stmt/s=60558.3 p50=61.1
pg-point-on-s4-r2 load 3.33->3.44 stmts=486650 errors=0 refusals=0 client_bound=False cores=['None'] stmt/s=60830.9 p50=60.9
pg-point-on-s8-r0 load 3.44->4.22 stmts=459792 errors=0 refusals=0 client_bound=False cores=['None'] stmt/s=57452.5 p50=132.3
pg-point-on-s8-r1 load 4.22->5.11 stmts=455316 errors=0 refusals=0 client_bound=False cores=['None'] stmt/s=56891.1 p50=133.1
pg-point-on-s8-r2 load 5.11->5.59 stmts=453863 errors=0 refusals=0 client_bound=False cores=['None'] stmt/s=56710.2 p50=133.8
pg-point-on-s16-r0 load 5.59->7.05 stmts=439696 errors=0 refusals=0 client_bound=False cores=['None'] stmt/s=54899.8 p50=279.3
pg-point-on-s16-r1 load 5.64->7.15 stmts=438552 errors=0 refusals=0 client_bound=False cores=['None'] stmt/s=54757.7 p50=279.2
pg-point-on-s16-r2 load 5.57->7.48 stmts=435858 errors=0 refusals=0 client_bound=False cores=['None'] stmt/s=54418.4 p50=280.5
pg-point-on-s1-r0 load 5.82->4.83 stmts=136622 errors=0 refusals=0 client_bound=False cores=['None'] stmt/s=17077.7 p50=56.3
pg-point-on-s1-r1 load 4.83->3.91 stmts=136444 errors=0 refusals=0 client_bound=False cores=['None'] stmt/s=17055.5 p50=56.5
pg-point-on-s1-r2 load 3.91->3.54 stmts=135990 errors=0 refusals=0 client_bound=False cores=['None'] stmt/s=16998.8 p50=56.6
pg-point-on-s2-r0 load 3.54->3.29 stmts=236337 errors=0 refusals=0 client_bound=False cores=['None'] stmt/s=29542.0 p50=65.9
pg-point-on-s2-r1 load 3.29->3.09 stmts=238118 errors=0 refusals=0 client_bound=False cores=['None'] stmt/s=29764.6 p50=65.6
pg-point-on-s2-r2 load 3.09->2.71 stmts=235800 errors=0 refusals=0 client_bound=False cores=['None'] stmt/s=29474.9 p50=66.2
pg-point-on-s4-r0 load 2.71->3.14 stmts=372986 errors=0 refusals=0 client_bound=False cores=['None'] stmt/s=46622.9 p50=81.6
pg-point-on-s4-r1 load 3.14->3.52 stmts=375761 errors=0 refusals=0 client_bound=False cores=['None'] stmt/s=46970.0 p50=81.0
pg-point-on-s4-r2 load 3.52->3.67 stmts=376289 errors=0 refusals=0 client_bound=False cores=['None'] stmt/s=47035.8 p50=81.2
pg-point-on-s8-r0 load 3.67->5.11 stmts=678420 errors=0 refusals=0 client_bound=False cores=['None'] stmt/s=84762.4 p50=65.3
pg-point-on-s8-r1 load 4.78->6.20 stmts=677997 errors=0 refusals=0 client_bound=False cores=['None'] stmt/s=84713.0 p50=65.4
pg-point-on-s8-r2 load 5.70->6.52 stmts=674525 errors=0 refusals=0 client_bound=False cores=['None'] stmt/s=84284.3 p50=65.5
pg-point-on-s16-r0 load 5.59->8.50 stmts=644429 errors=0 refusals=0 client_bound=False cores=['None'] stmt/s=80461.4 p50=146.9
pg-point-on-s16-r1 load 5.60->8.58 stmts=642807 errors=0 refusals=0 client_bound=False cores=['None'] stmt/s=80253.3 p50=147.6
pg-point-on-s16-r2 load 5.65->8.64 stmts=643706 errors=0 refusals=0 client_bound=False cores=['None'] stmt/s=80366.4 p50=147.7
pg-trade-off-s1-r0 load 5.97->5.20 stmts=110420 errors=0 refusals=0 client_bound=False cores=['None'] stmt/s=13802.8 p50=70.8
pg-trade-off-s1-r1 load 5.20->4.20 stmts=110500 errors=0 refusals=0 client_bound=False cores=['None'] stmt/s=13812.3 p50=70.6
pg-trade-off-s1-r2 load 4.20->3.71 stmts=110888 errors=0 refusals=0 client_bound=False cores=['None'] stmt/s=13860.6 p50=70.4
pg-trade-off-s2-r0 load 3.71->3.42 stmts=171796 errors=0 refusals=0 client_bound=False cores=['None'] stmt/s=21474.6 p50=76.0
pg-trade-off-s2-r1 load 3.42->3.05 stmts=171788 errors=0 refusals=0 client_bound=False cores=['None'] stmt/s=21472.7 p50=77.6
pg-trade-off-s2-r2 load 3.05->2.89 stmts=169696 errors=0 refusals=0 client_bound=False cores=['None'] stmt/s=21211.5 p50=80.5
pg-trade-off-s4-r0 load 2.89->3.21 stmts=159176 errors=0 refusals=0 client_bound=False cores=['None'] stmt/s=19896.7 p50=195.2
pg-trade-off-s4-r1 load 3.21->3.19 stmts=160268 errors=0 refusals=0 client_bound=False cores=['None'] stmt/s=20032.3 p50=192.5
pg-trade-off-s4-r2 load 3.19->3.55 stmts=157928 errors=0 refusals=0 client_bound=False cores=['None'] stmt/s=19740.9 p50=196.3
pg-trade-off-s8-r0 load 3.55->4.14 stmts=151504 errors=0 refusals=0 client_bound=False cores=['None'] stmt/s=18927.9 p50=412.5
pg-trade-off-s8-r1 load 4.14->4.45 stmts=149996 errors=0 refusals=0 client_bound=False cores=['None'] stmt/s=18740.3 p50=416.4
pg-trade-off-s8-r2 load 4.45->5.00 stmts=149204 errors=0 refusals=0 client_bound=False cores=['None'] stmt/s=18640.1 p50=417.6
pg-trade-off-s16-r0 load 5.00->6.43 stmts=149332 errors=0 refusals=0 client_bound=False cores=['None'] stmt/s=18641.3 p50=845.0
pg-trade-off-s16-r1 load 5.91->7.48 stmts=148480 errors=0 refusals=0 client_bound=False cores=['None'] stmt/s=18528.2 p50=848.1
pg-trade-off-s16-r2 load 5.83->7.10 stmts=148544 errors=0 refusals=0 client_bound=False cores=['None'] stmt/s=18540.4 p50=845.7
pg-trade-off-s1-r0 load 5.68->4.64 stmts=110580 errors=0 refusals=0 client_bound=False cores=['None'] stmt/s=13822.7 p50=70.6
pg-trade-off-s1-r1 load 4.64->3.77 stmts=111388 errors=0 refusals=0 client_bound=False cores=['None'] stmt/s=13923.9 p50=70.4
pg-trade-off-s1-r2 load 3.77->3.34 stmts=109728 errors=0 refusals=0 client_bound=False cores=['None'] stmt/s=13716.1 p50=70.9
pg-trade-off-s2-r0 load 3.34->2.98 stmts=190312 errors=0 refusals=0 client_bound=False cores=['None'] stmt/s=23788.6 p50=80.6
pg-trade-off-s2-r1 load 2.98->2.70 stmts=193636 errors=0 refusals=0 client_bound=False cores=['None'] stmt/s=24203.6 p50=78.2
pg-trade-off-s2-r2 load 2.70->2.66 stmts=194536 errors=0 refusals=0 client_bound=False cores=['None'] stmt/s=24317.0 p50=77.8
pg-trade-off-s4-r0 load 2.66->2.76 stmts=333784 errors=0 refusals=0 client_bound=False cores=['None'] stmt/s=41722.5 p50=84.9
pg-trade-off-s4-r1 load 2.76->2.92 stmts=331516 errors=0 refusals=0 client_bound=False cores=['None'] stmt/s=41422.5 p50=85.5
pg-trade-off-s4-r2 load 2.92->3.24 stmts=333088 errors=0 refusals=0 client_bound=False cores=['None'] stmt/s=41634.5 p50=85.5
pg-trade-off-s8-r0 load 3.24->3.98 stmts=315588 errors=0 refusals=0 client_bound=False cores=['None'] stmt/s=39428.5 p50=195.3
pg-trade-off-s8-r1 load 3.98->4.64 stmts=310908 errors=0 refusals=0 client_bound=False cores=['None'] stmt/s=38833.4 p50=197.9
pg-trade-off-s8-r2 load 4.64->5.31 stmts=313932 errors=0 refusals=0 client_bound=False cores=['None'] stmt/s=39222.0 p50=196.2
pg-trade-off-s16-r0 load 5.31->7.83 stmts=302452 errors=0 refusals=0 client_bound=False cores=['None'] stmt/s=37757.5 p50=408.2
pg-trade-off-s16-r1 load 5.67->6.88 stmts=301148 errors=0 refusals=0 client_bound=False cores=['None'] stmt/s=37593.3 p50=412.1
pg-trade-off-s16-r2 load 5.82->7.16 stmts=298084 errors=0 refusals=0 client_bound=False cores=['None'] stmt/s=37212.1 p50=410.8
pg-trade-off-s1-r0 load 5.64->4.93 stmts=109480 errors=0 refusals=0 client_bound=False cores=['None'] stmt/s=13685.1 p50=70.7
pg-trade-off-s1-r1 load 4.93->4.00 stmts=110288 errors=0 refusals=0 client_bound=False cores=['None'] stmt/s=13786.0 p50=70.6
pg-trade-off-s1-r2 load 4.00->3.53 stmts=109500 errors=0 refusals=0 client_bound=False cores=['None'] stmt/s=13687.5 p50=70.6
pg-trade-off-s2-r0 load 3.33->3.13 stmts=192708 errors=0 refusals=0 client_bound=False cores=['None'] stmt/s=24088.1 p50=78.2
pg-trade-off-s2-r1 load 3.13->2.90 stmts=190832 errors=0 refusals=0 client_bound=False cores=['None'] stmt/s=23853.8 p50=78.5
pg-trade-off-s2-r2 load 2.90->2.76 stmts=192144 errors=0 refusals=0 client_bound=False cores=['None'] stmt/s=24017.5 p50=78.4
pg-trade-off-s4-r0 load 2.76->3.22 stmts=309100 errors=0 refusals=0 client_bound=False cores=['None'] stmt/s=38635.7 p50=95.8
pg-trade-off-s4-r1 load 3.22->3.19 stmts=312476 errors=0 refusals=0 client_bound=False cores=['None'] stmt/s=39057.9 p50=94.4
pg-trade-off-s4-r2 load 3.19->3.27 stmts=310140 errors=0 refusals=0 client_bound=False cores=['None'] stmt/s=38766.3 p50=95.7
pg-trade-off-s8-r0 load 3.27->4.70 stmts=414844 errors=0 refusals=0 client_bound=False cores=['None'] stmt/s=51828.9 p50=122.3
pg-trade-off-s8-r1 load 4.70->5.51 stmts=425940 errors=0 refusals=0 client_bound=False cores=['None'] stmt/s=53217.3 p50=117.1
pg-trade-off-s8-r2 load 5.51->6.13 stmts=424412 errors=0 refusals=0 client_bound=False cores=['None'] stmt/s=53026.3 p50=117.3
pg-trade-off-s16-r0 load 5.64->8.15 stmts=445704 errors=0 refusals=0 client_bound=False cores=['None'] stmt/s=55636.4 p50=220.0
pg-trade-off-s16-r1 load 5.66->8.02 stmts=445396 errors=0 refusals=0 client_bound=False cores=['None'] stmt/s=55594.3 p50=223.3
pg-trade-off-s16-r2 load 5.74->8.00 stmts=445176 errors=0 refusals=0 client_bound=False cores=['None'] stmt/s=55560.6 p50=224.0
pg-trade-on-s1-r0 load 5.73->4.61 stmts=5152 errors=0 refusals=0 client_bound=False cores=['None'] stmt/s=644.2 p50=1326.1
pg-trade-on-s1-r1 load 4.61->4.06 stmts=5384 errors=0 refusals=0 client_bound=False cores=['None'] stmt/s=673.1 p50=1315.2
pg-trade-on-s1-r2 load 4.06->3.31 stmts=5544 errors=0 refusals=0 client_bound=False cores=['None'] stmt/s=692.8 p50=1268.4
pg-trade-on-s2-r0 load 3.31->3.11 stmts=5704 errors=0 refusals=0 client_bound=False cores=['None'] stmt/s=713.0 p50=2456.4
pg-trade-on-s2-r1 load 3.11->2.79 stmts=5672 errors=0 refusals=0 client_bound=False cores=['None'] stmt/s=708.9 p50=2505.2
pg-trade-on-s2-r2 load 2.79->2.33 stmts=5664 errors=0 refusals=0 client_bound=False cores=['None'] stmt/s=707.7 p50=2523.3
pg-trade-on-s4-r0 load 2.33->2.12 stmts=10724 errors=0 refusals=0 client_bound=False cores=['None'] stmt/s=1339.3 p50=2642.8
pg-trade-on-s4-r1 load 2.12->2.03 stmts=10264 errors=0 refusals=0 client_bound=False cores=['None'] stmt/s=1281.5 p50=2708.1
pg-trade-on-s4-r2 load 2.03->1.87 stmts=10524 errors=0 refusals=0 client_bound=False cores=['None'] stmt/s=1313.2 p50=2670.5
pg-trade-on-s8-r0 load 1.87->2.45 stmts=20272 errors=0 refusals=0 client_bound=False cores=['None'] stmt/s=2528.6 p50=2820.5
pg-trade-on-s8-r1 load 2.45->2.06 stmts=20748 errors=0 refusals=0 client_bound=False cores=['None'] stmt/s=2587.5 p50=2773.6
pg-trade-on-s8-r2 load 2.06->1.90 stmts=20248 errors=0 refusals=0 client_bound=False cores=['None'] stmt/s=2527.6 p50=2772.2
pg-trade-on-s16-r0 load 1.90->2.52 stmts=39368 errors=0 refusals=0 client_bound=False cores=['None'] stmt/s=4902.1 p50=2916.5
pg-trade-on-s16-r1 load 2.52->2.90 stmts=39976 errors=0 refusals=0 client_bound=False cores=['None'] stmt/s=4978.9 p50=2876.4
pg-trade-on-s16-r2 load 2.90->3.47 stmts=38632 errors=0 refusals=0 client_bound=False cores=['None'] stmt/s=4811.9 p50=2873.0
pg-trade-on-s1-r0 load 3.47->2.85 stmts=5428 errors=0 refusals=0 client_bound=False cores=['None'] stmt/s=678.5 p50=1296.7
pg-trade-on-s1-r1 load 2.85->2.57 stmts=5416 errors=0 refusals=0 client_bound=False cores=['None'] stmt/s=677.4 p50=1289.0
pg-trade-on-s1-r2 load 2.57->2.23 stmts=5444 errors=0 refusals=0 client_bound=False cores=['None'] stmt/s=680.1 p50=1283.6
pg-trade-on-s2-r0 load 2.23->1.89 stmts=5736 errors=0 refusals=0 client_bound=False cores=['None'] stmt/s=717.1 p50=2456.2
pg-trade-on-s2-r1 load 1.89->1.75 stmts=5944 errors=0 refusals=0 client_bound=False cores=['None'] stmt/s=743.1 p50=2395.4
pg-trade-on-s2-r2 load 1.75->1.52 stmts=6000 errors=0 refusals=0 client_bound=False cores=['None'] stmt/s=749.4 p50=2321.2
pg-trade-on-s4-r0 load 1.52->1.56 stmts=11336 errors=0 refusals=0 client_bound=False cores=['None'] stmt/s=1416.2 p50=2471.3
pg-trade-on-s4-r1 load 1.56->1.54 stmts=11332 errors=0 refusals=0 client_bound=False cores=['None'] stmt/s=1415.7 p50=2489.3
pg-trade-on-s4-r2 load 1.54->1.36 stmts=11032 errors=0 refusals=0 client_bound=False cores=['None'] stmt/s=1377.9 p50=2565.1
pg-trade-on-s8-r0 load 1.36->1.37 stmts=21312 errors=0 refusals=0 client_bound=False cores=['None'] stmt/s=2661.0 p50=2707.9
pg-trade-on-s8-r1 load 1.37->1.22 stmts=21024 errors=0 refusals=0 client_bound=False cores=['None'] stmt/s=2627.6 p50=2677.5
pg-trade-on-s8-r2 load 1.22->1.50 stmts=21700 errors=0 refusals=0 client_bound=False cores=['None'] stmt/s=2709.8 p50=2595.6
pg-trade-on-s16-r0 load 1.50->1.42 stmts=41280 errors=0 refusals=0 client_bound=False cores=['None'] stmt/s=5149.9 p50=2752.8
pg-trade-on-s16-r1 load 1.42->1.33 stmts=42176 errors=0 refusals=0 client_bound=False cores=['None'] stmt/s=5264.5 p50=2718.2
pg-trade-on-s16-r2 load 1.33->1.99 stmts=41024 errors=0 refusals=0 client_bound=False cores=['None'] stmt/s=5119.0 p50=2777.0
pg-trade-on-s1-r0 load 1.99->1.99 stmts=4816 errors=0 refusals=0 client_bound=False cores=['None'] stmt/s=601.8 p50=1383.6
pg-trade-on-s1-r1 load 1.99->1.70 stmts=4528 errors=0 refusals=0 client_bound=False cores=['None'] stmt/s=566.2 p50=1363.8
pg-trade-on-s1-r2 load 1.70->1.59 stmts=4540 errors=0 refusals=0 client_bound=False cores=['None'] stmt/s=567.5 p50=1390.4
pg-trade-on-s2-r0 load 1.59->1.39 stmts=5488 errors=0 refusals=0 client_bound=False cores=['None'] stmt/s=686.3 p50=2500.0
pg-trade-on-s2-r1 load 1.39->1.39 stmts=5588 errors=0 refusals=0 client_bound=False cores=['None'] stmt/s=698.8 p50=2464.9
pg-trade-on-s2-r2 load 1.39->1.33 stmts=5488 errors=0 refusals=0 client_bound=False cores=['None'] stmt/s=685.8 p50=2495.4
pg-trade-on-s4-r0 load 1.33->1.18 stmts=11388 errors=0 refusals=0 client_bound=False cores=['None'] stmt/s=1422.7 p50=2479.6
pg-trade-on-s4-r1 load 1.18->1.30 stmts=11456 errors=0 refusals=0 client_bound=False cores=['None'] stmt/s=1431.4 p50=2463.4
pg-trade-on-s4-r2 load 1.30->1.25 stmts=10480 errors=0 refusals=0 client_bound=False cores=['None'] stmt/s=1310.1 p50=2451.4
pg-trade-on-s8-r0 load 1.25->1.27 stmts=19900 errors=0 refusals=0 client_bound=False cores=['None'] stmt/s=2491.3 p50=2652.7
pg-trade-on-s8-r1 load 1.27->1.23 stmts=21056 errors=0 refusals=0 client_bound=False cores=['None'] stmt/s=2630.4 p50=2602.9
pg-trade-on-s8-r2 load 1.23->1.11 stmts=20928 errors=0 refusals=0 client_bound=False cores=['None'] stmt/s=2615.9 p50=2610.9
pg-trade-on-s16-r0 load 1.11->1.02 stmts=42368 errors=0 refusals=0 client_bound=False cores=['None'] stmt/s=5291.5 p50=2719.6
pg-trade-on-s16-r1 load 1.02->1.01 stmts=41856 errors=0 refusals=0 client_bound=False cores=['None'] stmt/s=5220.4 p50=2727.3
pg-trade-on-s16-r2 load 1.01->2.34 stmts=42368 errors=0 refusals=0 client_bound=False cores=['None'] stmt/s=5286.4 p50=2691.5
pg-insert1-off-s1-r0 load 2.34->2.05 stmts=137560 errors=0 refusals=0 client_bound=False cores=['None'] stmt/s=17195.1 p50=54.2
pg-insert1-off-s1-r1 load 2.05->1.96 stmts=138655 errors=0 refusals=0 client_bound=False cores=['None'] stmt/s=17331.8 p50=53.6
pg-insert1-off-s1-r2 load 1.96->1.91 stmts=138822 errors=0 refusals=0 client_bound=False cores=['None'] stmt/s=17352.8 p50=53.7
pg-insert1-off-s2-r0 load 1.91->2.01 stmts=248607 errors=0 refusals=0 client_bound=False cores=['None'] stmt/s=31075.7 p50=59.1
pg-insert1-off-s2-r1 load 2.01->2.09 stmts=251206 errors=0 refusals=0 client_bound=False cores=['None'] stmt/s=31400.5 p50=58.2
pg-insert1-off-s2-r2 load 2.09->2.09 stmts=251072 errors=0 refusals=0 client_bound=False cores=['None'] stmt/s=31383.8 p50=57.8
pg-insert1-off-s4-r0 load 2.09->2.40 stmts=236358 errors=0 refusals=0 client_bound=False cores=['None'] stmt/s=29539.4 p50=126.4
pg-insert1-off-s4-r1 load 2.40->2.72 stmts=235631 errors=0 refusals=0 client_bound=False cores=['None'] stmt/s=29453.5 p50=126.9
pg-insert1-off-s4-r2 load 2.72->2.80 stmts=233391 errors=0 refusals=0 client_bound=False cores=['None'] stmt/s=29173.4 p50=127.4
pg-insert1-off-s8-r0 load 2.80->3.57 stmts=222305 errors=0 refusals=0 client_bound=False cores=['None'] stmt/s=27775.3 p50=272.1
pg-insert1-off-s8-r1 load 3.57->4.33 stmts=221750 errors=0 refusals=0 client_bound=False cores=['None'] stmt/s=27705.6 p50=271.2
pg-insert1-off-s8-r2 load 4.33->4.83 stmts=222656 errors=0 refusals=0 client_bound=False cores=['None'] stmt/s=27819.1 p50=271.5
pg-insert1-off-s16-r0 load 4.83->6.51 stmts=218293 errors=0 refusals=0 client_bound=False cores=['None'] stmt/s=27252.9 p50=558.1
pg-insert1-off-s16-r1 load 5.99->7.53 stmts=217669 errors=0 refusals=0 client_bound=False cores=['None'] stmt/s=27177.2 p50=560.5
pg-insert1-off-s16-r2 load 5.86->7.10 stmts=217745 errors=0 refusals=0 client_bound=False cores=['None'] stmt/s=27186.2 p50=559.3
pg-insert1-off-s1-r0 load 5.52->4.53 stmts=138369 errors=0 refusals=0 client_bound=False cores=['None'] stmt/s=17296.1 p50=53.9
pg-insert1-off-s1-r1 load 4.53->3.99 stmts=138305 errors=0 refusals=0 client_bound=False cores=['None'] stmt/s=17288.1 p50=53.9
pg-insert1-off-s1-r2 load 3.99->3.57 stmts=138732 errors=0 refusals=0 client_bound=False cores=['None'] stmt/s=17341.5 p50=53.9
pg-insert1-off-s2-r0 load 3.57->3.23 stmts=236757 errors=0 refusals=0 client_bound=False cores=['None'] stmt/s=29594.7 p50=63.5
pg-insert1-off-s2-r1 load 3.23->3.04 stmts=237444 errors=0 refusals=0 client_bound=False cores=['None'] stmt/s=29680.6 p50=63.1
pg-insert1-off-s2-r2 load 3.04->2.67 stmts=236721 errors=0 refusals=0 client_bound=False cores=['None'] stmt/s=29590.1 p50=63.3
pg-insert1-off-s4-r0 load 2.67->3.00 stmts=491231 errors=0 refusals=0 client_bound=False cores=['None'] stmt/s=61403.5 p50=57.3
pg-insert1-off-s4-r1 load 3.00->3.55 stmts=490434 errors=0 refusals=0 client_bound=False cores=['None'] stmt/s=61303.9 p50=57.2
pg-insert1-off-s4-r2 load 3.55->3.61 stmts=490760 errors=0 refusals=0 client_bound=False cores=['None'] stmt/s=61344.5 p50=57.3
pg-insert1-off-s8-r0 load 3.61->4.35 stmts=465631 errors=0 refusals=0 client_bound=False cores=['None'] stmt/s=58182.3 p50=126.6
pg-insert1-off-s8-r1 load 4.35->5.29 stmts=457914 errors=0 refusals=0 client_bound=False cores=['None'] stmt/s=57211.8 p50=127.7
pg-insert1-off-s8-r2 load 5.03->5.95 stmts=464679 errors=0 refusals=0 client_bound=False cores=['None'] stmt/s=58062.5 p50=126.9
pg-insert1-off-s16-r0 load 5.95->7.24 stmts=437549 errors=0 refusals=0 client_bound=False cores=['None'] stmt/s=54627.7 p50=273.4
pg-insert1-off-s16-r1 load 5.64->7.00 stmts=438112 errors=0 refusals=0 client_bound=False cores=['None'] stmt/s=54700.8 p50=273.2
pg-insert1-off-s16-r2 load 5.93->7.70 stmts=435007 errors=0 refusals=0 client_bound=False cores=['None'] stmt/s=54310.7 p50=275.3
pg-insert1-off-s1-r0 load 6.00->4.82 stmts=138940 errors=0 refusals=0 client_bound=False cores=['None'] stmt/s=17367.5 p50=53.8
pg-insert1-off-s1-r1 load 4.82->4.13 stmts=138924 errors=0 refusals=0 client_bound=False cores=['None'] stmt/s=17365.4 p50=53.8
pg-insert1-off-s1-r2 load 4.13->3.80 stmts=139314 errors=0 refusals=0 client_bound=False cores=['None'] stmt/s=17414.2 p50=53.6
pg-insert1-off-s2-r0 load 3.80->3.33 stmts=238368 errors=0 refusals=0 client_bound=False cores=['None'] stmt/s=29795.8 p50=62.9
pg-insert1-off-s2-r1 load 3.33->2.90 stmts=237845 errors=0 refusals=0 client_bound=False cores=['None'] stmt/s=29730.6 p50=62.7
pg-insert1-off-s2-r2 load 2.90->2.76 stmts=237678 errors=0 refusals=0 client_bound=False cores=['None'] stmt/s=29709.7 p50=62.8
pg-insert1-off-s4-r0 load 2.76->3.08 stmts=379924 errors=0 refusals=0 client_bound=False cores=['None'] stmt/s=47489.2 p50=78.3
pg-insert1-off-s4-r1 load 3.08->3.24 stmts=379532 errors=0 refusals=0 client_bound=False cores=['None'] stmt/s=47441.1 p50=78.3
pg-insert1-off-s4-r2 load 3.24->3.43 stmts=380797 errors=0 refusals=0 client_bound=False cores=['None'] stmt/s=47599.3 p50=78.1
pg-insert1-off-s8-r0 load 3.24->4.58 stmts=585649 errors=0 refusals=0 client_bound=False cores=['None'] stmt/s=73174.1 p50=78.4
pg-insert1-off-s8-r1 load 4.58->5.62 stmts=589147 errors=0 refusals=0 client_bound=False cores=['None'] stmt/s=73608.8 p50=78.2
pg-insert1-off-s8-r2 load 5.62->6.46 stmts=586894 errors=0 refusals=0 client_bound=False cores=['None'] stmt/s=73333.6 p50=78.8
pg-insert1-off-s16-r0 load 5.94->8.41 stmts=621325 errors=0 refusals=0 client_bound=False cores=['None'] stmt/s=77579.3 p50=144.2
pg-insert1-off-s16-r1 load 5.60->8.50 stmts=622200 errors=0 refusals=0 client_bound=False cores=['None'] stmt/s=77684.4 p50=144.7
pg-insert1-off-s16-r2 load 5.68->8.40 stmts=624543 errors=0 refusals=0 client_bound=False cores=['None'] stmt/s=77974.6 p50=143.4
pg-insert1-on-s1-r0 load 5.65->4.55 stmts=5663 errors=0 refusals=0 client_bound=False cores=['None'] stmt/s=708.0 p50=1240.8
pg-insert1-on-s1-r1 load 4.55->4.01 stmts=5707 errors=0 refusals=0 client_bound=False cores=['None'] stmt/s=713.4 p50=1241.3
pg-insert1-on-s1-r2 load 4.01->3.34 stmts=5487 errors=0 refusals=0 client_bound=False cores=['None'] stmt/s=685.6 p50=1229.8
pg-insert1-on-s2-r0 load 3.34->2.75 stmts=5529 errors=0 refusals=0 client_bound=False cores=['None'] stmt/s=690.8 p50=2461.7
pg-insert1-on-s2-r1 load 2.75->2.56 stmts=5876 errors=0 refusals=0 client_bound=False cores=['None'] stmt/s=734.4 p50=2399.5
pg-insert1-on-s2-r2 load 2.56->2.22 stmts=5946 errors=0 refusals=0 client_bound=False cores=['None'] stmt/s=743.2 p50=2393.8
pg-insert1-on-s4-r0 load 2.22->2.35 stmts=11355 errors=0 refusals=0 client_bound=False cores=['None'] stmt/s=1419.1 p50=2509.2
pg-insert1-on-s4-r1 load 2.35->2.20 stmts=10779 errors=0 refusals=0 client_bound=False cores=['None'] stmt/s=1346.9 p50=2625.4
pg-insert1-on-s4-r2 load 2.20->1.87 stmts=11081 errors=0 refusals=0 client_bound=False cores=['None'] stmt/s=1384.8 p50=2583.3
pg-insert1-on-s8-r0 load 1.87->2.30 stmts=21603 errors=0 refusals=0 client_bound=False cores=['None'] stmt/s=2699.2 p50=2638.0
pg-insert1-on-s8-r1 load 2.30->1.94 stmts=21592 errors=0 refusals=0 client_bound=False cores=['None'] stmt/s=2698.0 p50=2644.0
pg-insert1-on-s8-r2 load 1.94->2.29 stmts=20948 errors=0 refusals=0 client_bound=False cores=['None'] stmt/s=2617.1 p50=2725.3
pg-insert1-on-s16-r0 load 2.29->2.39 stmts=40249 errors=0 refusals=0 client_bound=False cores=['None'] stmt/s=5019.5 p50=2847.1
pg-insert1-on-s16-r1 load 2.39->2.01 stmts=41290 errors=0 refusals=0 client_bound=False cores=['None'] stmt/s=5154.9 p50=2815.5
pg-insert1-on-s16-r2 load 2.01->2.26 stmts=41044 errors=0 refusals=0 client_bound=False cores=['None'] stmt/s=5120.2 p50=2794.0
pg-insert1-on-s1-r0 load 2.26->1.99 stmts=5532 errors=0 refusals=0 client_bound=False cores=['None'] stmt/s=691.4 p50=1242.0
pg-insert1-on-s1-r1 load 1.99->1.84 stmts=5566 errors=0 refusals=0 client_bound=False cores=['None'] stmt/s=695.5 p50=1264.2
pg-insert1-on-s1-r2 load 1.84->1.71 stmts=5399 errors=0 refusals=0 client_bound=False cores=['None'] stmt/s=674.9 p50=1298.8
pg-insert1-on-s2-r0 load 1.71->1.49 stmts=5994 errors=0 refusals=0 client_bound=False cores=['None'] stmt/s=749.1 p50=2359.4
pg-insert1-on-s2-r1 load 1.49->1.41 stmts=5981 errors=0 refusals=0 client_bound=False cores=['None'] stmt/s=747.6 p50=2364.5
pg-insert1-on-s2-r2 load 1.41->1.39 stmts=6163 errors=0 refusals=0 client_bound=False cores=['None'] stmt/s=770.1 p50=2329.3
pg-insert1-on-s4-r0 load 1.39->1.23 stmts=11596 errors=0 refusals=0 client_bound=False cores=['None'] stmt/s=1448.3 p50=2441.7
pg-insert1-on-s4-r1 load 1.23->1.28 stmts=11374 errors=0 refusals=0 client_bound=False cores=['None'] stmt/s=1421.6 p50=2476.7
pg-insert1-on-s4-r2 load 1.28->1.22 stmts=11733 errors=0 refusals=0 client_bound=False cores=['None'] stmt/s=1466.2 p50=2423.7
pg-insert1-on-s8-r0 load 1.22->1.80 stmts=22352 errors=0 refusals=0 client_bound=False cores=['None'] stmt/s=2791.7 p50=2549.6
pg-insert1-on-s8-r1 load 1.80->1.67 stmts=21805 errors=0 refusals=0 client_bound=False cores=['None'] stmt/s=2723.7 p50=2613.8
pg-insert1-on-s8-r2 load 1.67->1.45 stmts=22144 errors=0 refusals=0 client_bound=False cores=['None'] stmt/s=2770.9 p50=2582.2
pg-insert1-on-s16-r0 load 1.45->2.48 stmts=42830 errors=0 refusals=0 client_bound=False cores=['None'] stmt/s=5343.1 p50=2683.9
pg-insert1-on-s16-r1 load 2.48->3.17 stmts=42657 errors=0 refusals=0 client_bound=False cores=['None'] stmt/s=5325.4 p50=2711.2
pg-insert1-on-s16-r2 load 3.17->2.62 stmts=41872 errors=0 refusals=0 client_bound=False cores=['None'] stmt/s=5227.0 p50=2742.5
pg-insert1-on-s1-r0 load 2.62->2.37 stmts=5176 errors=0 refusals=0 client_bound=False cores=['None'] stmt/s=647.1 p50=1338.3
pg-insert1-on-s1-r1 load 2.37->2.00 stmts=5473 errors=0 refusals=0 client_bound=False cores=['None'] stmt/s=684.1 p50=1299.1
pg-insert1-on-s1-r2 load 2.00->1.71 stmts=5389 errors=0 refusals=0 client_bound=False cores=['None'] stmt/s=673.6 p50=1289.0
pg-insert1-on-s2-r0 load 1.71->1.75 stmts=5605 errors=0 refusals=0 client_bound=False cores=['None'] stmt/s=700.2 p50=2495.7
pg-insert1-on-s2-r1 load 1.75->1.52 stmts=5442 errors=0 refusals=0 client_bound=False cores=['None'] stmt/s=679.9 p50=2492.5
pg-insert1-on-s2-r2 load 1.52->1.44 stmts=5531 errors=0 refusals=0 client_bound=False cores=['None'] stmt/s=691.3 p50=2545.6
pg-insert1-on-s4-r0 load 1.44->1.27 stmts=11410 errors=0 refusals=0 client_bound=False cores=['None'] stmt/s=1426.1 p50=2448.8
pg-insert1-on-s4-r1 load 1.27->1.14 stmts=11310 errors=0 refusals=0 client_bound=False cores=['None'] stmt/s=1413.1 p50=2461.2
pg-insert1-on-s4-r2 load 1.14->1.12 stmts=11470 errors=0 refusals=0 client_bound=False cores=['None'] stmt/s=1430.5 p50=2451.4
pg-insert1-on-s8-r0 load 1.12->1.39 stmts=21729 errors=0 refusals=0 client_bound=False cores=['None'] stmt/s=2715.2 p50=2598.1
pg-insert1-on-s8-r1 load 1.39->1.79 stmts=21791 errors=0 refusals=0 client_bound=False cores=['None'] stmt/s=2723.7 p50=2603.6
pg-insert1-on-s8-r2 load 1.79->1.67 stmts=20876 errors=0 refusals=0 client_bound=False cores=['None'] stmt/s=2608.1 p50=2694.0
pg-insert1-on-s16-r0 load 1.67->3.42 stmts=41807 errors=0 refusals=0 client_bound=False cores=['None'] stmt/s=5220.0 p50=2717.9
pg-insert1-on-s16-r1 load 3.42->3.05 stmts=42490 errors=0 refusals=0 client_bound=False cores=['None'] stmt/s=5303.9 p50=2713.8
pg-insert1-on-s16-r2 load 3.05->3.88 stmts=41168 errors=0 refusals=0 client_bound=False cores=['None'] stmt/s=5137.6 p50=2776.3
pg-insertN-off-s1-r0 load 3.88->3.25 stmts=138523 errors=0 refusals=0 client_bound=False cores=['None'] stmt/s=17315.4 p50=53.9
pg-insertN-off-s1-r1 load 3.25->2.91 stmts=138232 errors=0 refusals=0 client_bound=False cores=['None'] stmt/s=17279.0 p50=53.9
pg-insertN-off-s1-r2 load 2.91->2.41 stmts=138393 errors=0 refusals=0 client_bound=False cores=['None'] stmt/s=17299.1 p50=53.9
pg-insertN-off-s2-r0 load 2.41->2.34 stmts=249088 errors=0 refusals=0 client_bound=False cores=['None'] stmt/s=31135.9 p50=58.9
pg-insertN-off-s2-r1 load 2.34->2.37 stmts=249554 errors=0 refusals=0 client_bound=False cores=['None'] stmt/s=31194.0 p50=58.9
pg-insertN-off-s2-r2 load 2.37->2.39 stmts=248603 errors=0 refusals=0 client_bound=False cores=['None'] stmt/s=31075.2 p50=58.8
pg-insertN-off-s4-r0 load 2.39->2.77 stmts=233809 errors=0 refusals=0 client_bound=False cores=['None'] stmt/s=29225.8 p50=127.8
pg-insertN-off-s4-r1 load 2.77->2.96 stmts=232976 errors=0 refusals=0 client_bound=False cores=['None'] stmt/s=29121.6 p50=128.5
pg-insertN-off-s4-r2 load 2.96->3.00 stmts=231762 errors=0 refusals=0 client_bound=False cores=['None'] stmt/s=28969.9 p50=128.5
pg-insertN-off-s8-r0 load 3.00->3.86 stmts=220869 errors=0 refusals=0 client_bound=False cores=['None'] stmt/s=27595.4 p50=273.1
pg-insertN-off-s8-r1 load 3.86->4.58 stmts=219699 errors=0 refusals=0 client_bound=False cores=['None'] stmt/s=27450.9 p50=273.8
pg-insertN-off-s8-r2 load 4.58->4.88 stmts=221150 errors=0 refusals=0 client_bound=False cores=['None'] stmt/s=27632.4 p50=272.4
pg-insertN-off-s16-r0 load 4.88->6.48 stmts=215211 errors=0 refusals=0 client_bound=False cores=['None'] stmt/s=26868.6 p50=567.8
pg-insertN-off-s16-r1 load 5.96->7.44 stmts=215737 errors=0 refusals=0 client_bound=False cores=['None'] stmt/s=26933.3 p50=566.2
pg-insertN-off-s16-r2 load 5.53->6.92 stmts=215936 errors=0 refusals=0 client_bound=False cores=['None'] stmt/s=26961.5 p50=566.0
pg-insertN-off-s1-r0 load 5.86->4.71 stmts=140039 errors=0 refusals=0 client_bound=False cores=['None'] stmt/s=17504.9 p50=53.5
pg-insertN-off-s1-r1 load 4.71->4.14 stmts=139450 errors=0 refusals=0 client_bound=False cores=['None'] stmt/s=17431.2 p50=53.8
pg-insertN-off-s1-r2 load 4.14->3.46 stmts=138967 errors=0 refusals=0 client_bound=False cores=['None'] stmt/s=17370.8 p50=54.0
pg-insertN-off-s2-r0 load 3.46->3.15 stmts=239662 errors=0 refusals=0 client_bound=False cores=['None'] stmt/s=29957.8 p50=62.1
pg-insertN-off-s2-r1 load 3.15->2.90 stmts=239628 errors=0 refusals=0 client_bound=False cores=['None'] stmt/s=29953.5 p50=62.8
pg-insertN-off-s2-r2 load 2.90->2.72 stmts=239438 errors=0 refusals=0 client_bound=False cores=['None'] stmt/s=29929.6 p50=62.9
pg-insertN-off-s4-r0 load 2.72->3.11 stmts=490939 errors=0 refusals=0 client_bound=False cores=['None'] stmt/s=61366.9 p50=58.0
pg-insertN-off-s4-r1 load 3.11->3.47 stmts=489440 errors=0 refusals=0 client_bound=False cores=['None'] stmt/s=61179.7 p50=57.9
pg-insertN-off-s4-r2 load 3.47->3.77 stmts=486433 errors=0 refusals=0 client_bound=False cores=['None'] stmt/s=60803.7 p50=58.0
pg-insertN-off-s8-r0 load 3.77->4.47 stmts=465747 errors=0 refusals=0 client_bound=False cores=['None'] stmt/s=58197.3 p50=127.3
pg-insertN-off-s8-r1 load 4.47->5.10 stmts=460044 errors=0 refusals=0 client_bound=False cores=['None'] stmt/s=57479.3 p50=128.1
pg-insertN-off-s8-r2 load 5.10->5.77 stmts=463118 errors=0 refusals=0 client_bound=False cores=['None'] stmt/s=57862.4 p50=127.7
pg-insertN-off-s16-r0 load 5.77->7.11 stmts=435232 errors=0 refusals=0 client_bound=False cores=['None'] stmt/s=54338.4 p50=276.0
pg-insertN-off-s16-r1 load 5.69->7.10 stmts=433014 errors=0 refusals=0 client_bound=False cores=['None'] stmt/s=54060.3 p50=277.9
pg-insertN-off-s16-r2 load 5.53->8.19 stmts=434757 errors=0 refusals=0 client_bound=False cores=['None'] stmt/s=54282.1 p50=276.7
pg-insertN-off-s1-r0 load 5.87->5.12 stmts=136949 errors=0 refusals=0 client_bound=False cores=['None'] stmt/s=17118.7 p50=54.1
pg-insertN-off-s1-r1 load 5.12->4.06 stmts=138137 errors=0 refusals=0 client_bound=False cores=['None'] stmt/s=17267.1 p50=53.9
pg-insertN-off-s1-r2 load 4.06->3.40 stmts=139199 errors=0 refusals=0 client_bound=False cores=['None'] stmt/s=17399.9 p50=53.6
pg-insertN-off-s2-r0 load 3.40->3.26 stmts=238603 errors=0 refusals=0 client_bound=False cores=['None'] stmt/s=29825.3 p50=62.4
pg-insertN-off-s2-r1 load 3.26->2.99 stmts=239121 errors=0 refusals=0 client_bound=False cores=['None'] stmt/s=29890.0 p50=62.5
pg-insertN-off-s2-r2 load 2.99->2.63 stmts=239974 errors=0 refusals=0 client_bound=False cores=['None'] stmt/s=29996.7 p50=62.7
pg-insertN-off-s4-r0 load 2.63->3.16 stmts=381112 errors=0 refusals=0 client_bound=False cores=['None'] stmt/s=47638.7 p50=78.4
pg-insertN-off-s4-r1 load 3.16->3.23 stmts=380119 errors=0 refusals=0 client_bound=False cores=['None'] stmt/s=47514.5 p50=78.4
pg-insertN-off-s4-r2 load 3.23->3.28 stmts=381459 errors=0 refusals=0 client_bound=False cores=['None'] stmt/s=47682.3 p50=78.6
pg-insertN-off-s8-r0 load 3.28->4.94 stmts=658292 errors=0 refusals=0 client_bound=False cores=['None'] stmt/s=82252.3 p50=63.3
pg-insertN-off-s8-r1 load 4.94->5.76 stmts=665357 errors=0 refusals=0 client_bound=False cores=['None'] stmt/s=83137.4 p50=62.8
pg-insertN-off-s8-r2 load 5.76->6.79 stmts=662647 errors=0 refusals=0 client_bound=False cores=['None'] stmt/s=82792.6 p50=62.9
pg-insertN-off-s16-r0 load 5.82->8.54 stmts=635788 errors=0 refusals=0 client_bound=False cores=['None'] stmt/s=79382.7 p50=145.3
pg-insertN-off-s16-r1 load 5.62->8.38 stmts=637236 errors=0 refusals=0 client_bound=False cores=['None'] stmt/s=79565.3 p50=144.6
pg-insertN-off-s16-r2 load 5.58->8.72 stmts=636544 errors=0 refusals=0 client_bound=False cores=['None'] stmt/s=79473.2 p50=144.6
pg-insertN-on-s1-r0 load 5.75->4.85 stmts=5353 errors=0 refusals=0 client_bound=False cores=['None'] stmt/s=668.9 p50=1295.7
pg-insertN-on-s1-r1 load 4.85->3.93 stmts=5176 errors=0 refusals=0 client_bound=False cores=['None'] stmt/s=646.7 p50=1316.3
pg-insertN-on-s1-r2 load 3.93->3.48 stmts=5176 errors=0 refusals=0 client_bound=False cores=['None'] stmt/s=646.5 p50=1305.6
pg-insertN-on-s2-r0 load 3.48->2.86 stmts=5617 errors=0 refusals=0 client_bound=False cores=['None'] stmt/s=701.9 p50=2534.0
pg-insertN-on-s2-r1 load 2.86->2.57 stmts=5652 errors=0 refusals=0 client_bound=False cores=['None'] stmt/s=706.4 p50=2488.0
pg-insertN-on-s2-r2 load 2.57->2.23 stmts=5531 errors=0 refusals=0 client_bound=False cores=['None'] stmt/s=691.1 p50=2451.0
pg-insertN-on-s4-r0 load 2.23->1.96 stmts=10911 errors=0 refusals=0 client_bound=False cores=['None'] stmt/s=1363.7 p50=2593.1
pg-insertN-on-s4-r1 load 1.96->1.81 stmts=11088 errors=0 refusals=0 client_bound=False cores=['None'] stmt/s=1385.6 p50=2567.9
pg-insertN-on-s4-r2 load 1.81->1.65 stmts=10716 errors=0 refusals=0 client_bound=False cores=['None'] stmt/s=1339.2 p50=2630.4
pg-insertN-on-s8-r0 load 1.65->1.64 stmts=20463 errors=0 refusals=0 client_bound=False cores=['None'] stmt/s=2557.1 p50=2757.6
pg-insertN-on-s8-r1 load 1.64->2.62 stmts=21505 errors=0 refusals=0 client_bound=False cores=['None'] stmt/s=2686.2 p50=2694.0
pg-insertN-on-s8-r2 load 2.62->2.19 stmts=20992 errors=0 refusals=0 client_bound=False cores=['None'] stmt/s=2622.5 p50=2728.6
pg-insertN-on-s16-r0 load 2.19->2.60 stmts=38919 errors=0 refusals=0 client_bound=False cores=['None'] stmt/s=4856.8 p50=2949.1
pg-insertN-on-s16-r1 load 2.60->3.26 stmts=38684 errors=0 refusals=0 client_bound=False cores=['None'] stmt/s=4829.5 p50=2938.4
pg-insertN-on-s16-r2 load 3.26->3.28 stmts=39575 errors=0 refusals=0 client_bound=False cores=['None'] stmt/s=4940.4 p50=2927.7
pg-insertN-on-s1-r0 load 3.28->2.93 stmts=5301 errors=0 refusals=0 client_bound=False cores=['None'] stmt/s=662.6 p50=1300.1
pg-insertN-on-s1-r1 load 2.93->2.43 stmts=5492 errors=0 refusals=0 client_bound=False cores=['None'] stmt/s=686.4 p50=1268.7
pg-insertN-on-s1-r2 load 2.43->2.27 stmts=5555 errors=0 refusals=0 client_bound=False cores=['None'] stmt/s=694.3 p50=1261.4
pg-insertN-on-s2-r0 load 2.27->2.15 stmts=5656 errors=0 refusals=0 client_bound=False cores=['None'] stmt/s=706.6 p50=2485.0
pg-insertN-on-s2-r1 load 2.15->1.82 stmts=5870 errors=0 refusals=0 client_bound=False cores=['None'] stmt/s=733.7 p50=2413.1
pg-insertN-on-s2-r2 load 1.82->1.77 stmts=5866 errors=0 refusals=0 client_bound=False cores=['None'] stmt/s=733.1 p50=2448.3
pg-insertN-on-s4-r0 load 1.77->1.53 stmts=11333 errors=0 refusals=0 client_bound=False cores=['None'] stmt/s=1415.8 p50=2458.5
pg-insertN-on-s4-r1 load 1.53->1.35 stmts=11229 errors=0 refusals=0 client_bound=False cores=['None'] stmt/s=1403.1 p50=2499.8
pg-insertN-on-s4-r2 load 1.35->1.29 stmts=11131 errors=0 refusals=0 client_bound=False cores=['None'] stmt/s=1391.2 p50=2510.4
pg-insertN-on-s8-r0 load 1.29->1.16 stmts=21344 errors=0 refusals=0 client_bound=False cores=['None'] stmt/s=2665.9 p50=2638.7
pg-insertN-on-s8-r1 load 1.16->1.06 stmts=21459 errors=0 refusals=0 client_bound=False cores=['None'] stmt/s=2680.2 p50=2632.5
pg-insertN-on-s8-r2 load 1.06->1.20 stmts=21100 errors=0 refusals=0 client_bound=False cores=['None'] stmt/s=2636.0 p50=2688.4
pg-insertN-on-s16-r0 load 1.20->1.67 stmts=39046 errors=0 refusals=0 client_bound=False cores=['None'] stmt/s=4875.5 p50=2885.6
pg-insertN-on-s16-r1 load 1.67->1.57 stmts=40549 errors=0 refusals=0 client_bound=False cores=['None'] stmt/s=5062.2 p50=2851.8
pg-insertN-on-s16-r2 load 1.57->2.46 stmts=40341 errors=0 refusals=0 client_bound=False cores=['None'] stmt/s=5035.2 p50=2789.0
pg-insertN-on-s1-r0 load 2.46->2.07 stmts=5374 errors=0 refusals=0 client_bound=False cores=['None'] stmt/s=671.8 p50=1288.7
pg-insertN-on-s1-r1 load 2.07->1.90 stmts=5401 errors=0 refusals=0 client_bound=False cores=['None'] stmt/s=675.5 p50=1289.5
pg-insertN-on-s1-r2 load 1.90->1.63 stmts=5378 errors=0 refusals=0 client_bound=False cores=['None'] stmt/s=672.2 p50=1295.3
pg-insertN-on-s2-r0 load 1.63->1.43 stmts=5753 errors=0 refusals=0 client_bound=False cores=['None'] stmt/s=719.0 p50=2446.8
pg-insertN-on-s2-r1 load 1.43->1.36 stmts=5834 errors=0 refusals=0 client_bound=False cores=['None'] stmt/s=729.2 p50=2411.8
pg-insertN-on-s2-r2 load 1.36->1.43 stmts=5839 errors=0 refusals=0 client_bound=False cores=['None'] stmt/s=729.8 p50=2431.0
pg-insertN-on-s4-r0 load 1.43->1.51 stmts=11337 errors=0 refusals=0 client_bound=False cores=['None'] stmt/s=1416.8 p50=2461.6
pg-insertN-on-s4-r1 load 1.51->1.33 stmts=11786 errors=0 refusals=0 client_bound=False cores=['None'] stmt/s=1473.1 p50=2411.6
pg-insertN-on-s4-r2 load 1.33->1.19 stmts=11383 errors=0 refusals=0 client_bound=False cores=['None'] stmt/s=1423.4 p50=2482.9
pg-insertN-on-s8-r0 load 1.19->1.16 stmts=22126 errors=0 refusals=0 client_bound=False cores=['None'] stmt/s=2763.8 p50=2545.0
pg-insertN-on-s8-r1 load 1.16->0.97 stmts=22297 errors=0 refusals=0 client_bound=False cores=['None'] stmt/s=2785.8 p50=2547.3
pg-insertN-on-s8-r2 load 0.97->0.91 stmts=22066 errors=0 refusals=0 client_bound=False cores=['None'] stmt/s=2756.7 p50=2576.7
pg-insertN-on-s16-r0 load 0.91->0.93 stmts=42822 errors=0 refusals=0 client_bound=False cores=['None'] stmt/s=5340.2 p50=2678.6
pg-insertN-on-s16-r1 load 0.93->0.96 stmts=41456 errors=0 refusals=0 client_bound=False cores=['None'] stmt/s=5173.4 p50=2742.8
pg-insertN-on-s16-r2 load 0.96->1.77 stmts=40828 errors=0 refusals=0 client_bound=False cores=['None'] stmt/s=5097.2 p50=2759.7
pg-recent-off-s1-r0 load 1.71->1.60 stmts=112056 errors=0 refusals=0 client_bound=False cores=['None'] stmt/s=14006.9 p50=67.9
pg-recent-off-s1-r1 load 1.60->1.48 stmts=113382 errors=0 refusals=0 client_bound=False cores=['None'] stmt/s=14172.8 p50=67.4
pg-recent-off-s1-r2 load 1.48->1.40 stmts=113664 errors=0 refusals=0 client_bound=False cores=['None'] stmt/s=14208.1 p50=67.3
pg-recent-off-s2-r0 load 1.40->1.40 stmts=193448 errors=0 refusals=0 client_bound=False cores=['None'] stmt/s=24180.8 p50=77.3
pg-recent-off-s2-r1 load 1.40->1.47 stmts=191708 errors=0 refusals=0 client_bound=False cores=['None'] stmt/s=23963.1 p50=78.1
pg-recent-off-s2-r2 load 1.47->1.55 stmts=190926 errors=0 refusals=0 client_bound=False cores=['None'] stmt/s=23865.5 p50=77.9
pg-recent-off-s4-r0 load 1.55->1.98 stmts=183912 errors=0 refusals=0 client_bound=False cores=['None'] stmt/s=22988.2 p50=166.4
pg-recent-off-s4-r1 load 1.98->2.45 stmts=185408 errors=0 refusals=0 client_bound=False cores=['None'] stmt/s=23175.7 p50=166.3
pg-recent-off-s4-r2 load 2.45->3.00 stmts=186576 errors=0 refusals=0 client_bound=False cores=['None'] stmt/s=23321.3 p50=165.7
pg-recent-off-s8-r0 load 3.00->3.65 stmts=178326 errors=0 refusals=0 client_bound=False cores=['None'] stmt/s=22279.6 p50=343.9
pg-recent-off-s8-r1 load 3.65->4.22 stmts=175922 errors=0 refusals=0 client_bound=False cores=['None'] stmt/s=21981.3 p50=349.3
pg-recent-off-s8-r2 load 4.22->4.96 stmts=181128 errors=0 refusals=0 client_bound=False cores=['None'] stmt/s=22630.2 p50=341.6
pg-recent-off-s16-r0 load 4.96->6.40 stmts=175126 errors=0 refusals=0 client_bound=False cores=['None'] stmt/s=21862.7 p50=710.6
pg-recent-off-s16-r1 load 5.89->7.20 stmts=173080 errors=0 refusals=0 client_bound=False cores=['None'] stmt/s=21608.5 p50=717.3
pg-recent-off-s16-r2 load 5.60->7.35 stmts=173432 errors=0 refusals=0 client_bound=False cores=['None'] stmt/s=21652.1 p50=717.6
pg-recent-off-s1-r0 load 5.95->4.78 stmts=113816 errors=0 refusals=0 client_bound=False cores=['None'] stmt/s=14227.0 p50=67.5
pg-recent-off-s1-r1 load 4.78->3.88 stmts=113764 errors=0 refusals=0 client_bound=False cores=['None'] stmt/s=14220.7 p50=67.5
pg-recent-off-s1-r2 load 3.88->3.43 stmts=113774 errors=0 refusals=0 client_bound=False cores=['None'] stmt/s=14221.8 p50=67.4
pg-recent-off-s2-r0 load 3.43->2.98 stmts=200176 errors=0 refusals=0 client_bound=False cores=['None'] stmt/s=25021.8 p50=75.7
pg-recent-off-s2-r1 load 2.98->2.63 stmts=200794 errors=0 refusals=0 client_bound=False cores=['None'] stmt/s=25098.9 p50=75.3
pg-recent-off-s2-r2 load 2.63->2.60 stmts=200252 errors=0 refusals=0 client_bound=False cores=['None'] stmt/s=25031.3 p50=75.5
pg-recent-off-s4-r0 load 2.60->2.80 stmts=373962 errors=0 refusals=0 client_bound=False cores=['None'] stmt/s=46744.5 p50=78.4
pg-recent-off-s4-r1 load 2.80->3.26 stmts=372364 errors=0 refusals=0 client_bound=False cores=['None'] stmt/s=46544.3 p50=78.7
pg-recent-off-s4-r2 load 3.26->3.68 stmts=372878 errors=0 refusals=0 client_bound=False cores=['None'] stmt/s=46608.8 p50=78.6
pg-recent-off-s8-r0 load 3.68->4.40 stmts=365548 errors=0 refusals=0 client_bound=False cores=['None'] stmt/s=45672.9 p50=168.1
pg-recent-off-s8-r1 load 4.40->4.88 stmts=365836 errors=0 refusals=0 client_bound=False cores=['None'] stmt/s=45709.8 p50=167.6
pg-recent-off-s8-r2 load 4.88->5.60 stmts=367100 errors=0 refusals=0 client_bound=False cores=['None'] stmt/s=45866.6 p50=166.9
pg-recent-off-s16-r0 load 5.60->7.19 stmts=351486 errors=0 refusals=0 client_bound=False cores=['None'] stmt/s=43880.4 p50=348.7
pg-recent-off-s16-r1 load 5.60->6.90 stmts=347950 errors=0 refusals=0 client_bound=False cores=['None'] stmt/s=43444.0 p50=351.3
pg-recent-off-s16-r2 load 5.84->7.38 stmts=351732 errors=0 refusals=0 client_bound=False cores=['None'] stmt/s=43911.2 p50=347.7
pg-recent-off-s1-r0 load 5.74->5.17 stmts=114280 errors=0 refusals=0 client_bound=False cores=['None'] stmt/s=14285.0 p50=67.2
pg-recent-off-s1-r1 load 5.17->4.10 stmts=113160 errors=0 refusals=0 client_bound=False cores=['None'] stmt/s=14145.1 p50=67.6
pg-recent-off-s1-r2 load 4.10->3.34 stmts=113332 errors=0 refusals=0 client_bound=False cores=['None'] stmt/s=14166.5 p50=67.6
pg-recent-off-s2-r0 load 3.34->3.14 stmts=199778 errors=0 refusals=0 client_bound=False cores=['None'] stmt/s=24972.4 p50=75.7
pg-recent-off-s2-r1 load 3.14->2.75 stmts=199824 errors=0 refusals=0 client_bound=False cores=['None'] stmt/s=24977.9 p50=75.8
pg-recent-off-s2-r2 load 2.75->2.58 stmts=201066 errors=0 refusals=0 client_bound=False cores=['None'] stmt/s=25133.1 p50=75.1
pg-recent-off-s4-r0 load 2.58->2.95 stmts=323744 errors=0 refusals=0 client_bound=False cores=['None'] stmt/s=40467.8 p50=91.1
pg-recent-off-s4-r1 load 2.95->3.21 stmts=324084 errors=0 refusals=0 client_bound=False cores=['None'] stmt/s=40510.1 p50=91.0
pg-recent-off-s4-r2 load 3.21->3.27 stmts=324176 errors=0 refusals=0 client_bound=False cores=['None'] stmt/s=40521.6 p50=91.1
pg-recent-off-s8-r0 load 3.27->4.85 stmts=475646 errors=0 refusals=0 client_bound=False cores=['None'] stmt/s=59426.7 p50=98.3
pg-recent-off-s8-r1 load 4.85->5.55 stmts=476236 errors=0 refusals=0 client_bound=False cores=['None'] stmt/s=59502.6 p50=98.3
pg-recent-off-s8-r2 load 5.55->6.17 stmts=474650 errors=0 refusals=0 client_bound=False cores=['None'] stmt/s=59304.9 p50=98.6
pg-recent-off-s16-r0 load 5.67->8.11 stmts=510610 errors=0 refusals=0 client_bound=False cores=['None'] stmt/s=63752.0 p50=189.3
pg-recent-off-s16-r1 load 5.87->8.18 stmts=507522 errors=0 refusals=0 client_bound=False cores=['None'] stmt/s=63364.6 p50=190.2
pg-recent-off-s16-r2 load 5.58->7.80 stmts=505408 errors=0 refusals=0 client_bound=False cores=['None'] stmt/s=63097.5 p50=191.8
pg-recent-on-s1-r0 load 5.58->4.50 stmts=10058 errors=0 refusals=0 client_bound=False cores=['None'] stmt/s=1257.2 p50=1037.9
pg-recent-on-s1-r1 load 4.50->3.96 stmts=9614 errors=0 refusals=0 client_bound=False cores=['None'] stmt/s=1201.2 p50=125.6
pg-recent-on-s1-r2 load 3.96->3.24 stmts=9854 errors=0 refusals=0 client_bound=False cores=['None'] stmt/s=1231.7 p50=123.2
pg-recent-on-s2-r0 load 3.24->2.97 stmts=11340 errors=0 refusals=0 client_bound=False cores=['None'] stmt/s=1417.1 p50=996.3
pg-recent-on-s2-r1 load 2.97->2.69 stmts=11502 errors=0 refusals=0 client_bound=False cores=['None'] stmt/s=1437.5 p50=299.1
pg-recent-on-s2-r2 load 2.69->2.25 stmts=11178 errors=0 refusals=0 client_bound=False cores=['None'] stmt/s=1396.9 p50=180.9
pg-recent-on-s4-r0 load 2.25->2.05 stmts=19728 errors=0 refusals=0 client_bound=False cores=['None'] stmt/s=2465.7 p50=1004.3
pg-recent-on-s4-r1 load 2.05->1.75 stmts=19386 errors=0 refusals=0 client_bound=False cores=['None'] stmt/s=2422.7 p50=1277.6
pg-recent-on-s4-r2 load 1.75->1.68 stmts=20680 errors=0 refusals=0 client_bound=False cores=['None'] stmt/s=2584.4 p50=1009.8
pg-recent-on-s8-r0 load 1.68->2.02 stmts=40402 errors=0 refusals=0 client_bound=False cores=['None'] stmt/s=5047.8 p50=1669.7
pg-recent-on-s8-r1 load 2.02->2.87 stmts=41164 errors=0 refusals=0 client_bound=False cores=['None'] stmt/s=5143.0 p50=1546.6
pg-recent-on-s8-r2 load 2.87->3.26 stmts=41878 errors=0 refusals=0 client_bound=False cores=['None'] stmt/s=5231.6 p50=1772.4
pg-recent-on-s16-r0 load 3.26->5.38 stmts=77676 errors=0 refusals=0 client_bound=False cores=['None'] stmt/s=9698.0 p50=1506.9
pg-recent-on-s16-r1 load 5.38->5.00 stmts=78856 errors=0 refusals=0 client_bound=False cores=['None'] stmt/s=9846.7 p50=1503.3
pg-recent-on-s16-r2 load 5.00->4.38 stmts=78034 errors=0 refusals=0 client_bound=False cores=['None'] stmt/s=9733.4 p50=1469.4
pg-recent-on-s1-r0 load 4.38->3.57 stmts=10048 errors=0 refusals=0 client_bound=False cores=['None'] stmt/s=1256.0 p50=455.7
pg-recent-on-s1-r1 load 3.57->2.93 stmts=9592 errors=0 refusals=0 client_bound=False cores=['None'] stmt/s=1199.1 p50=997.5
pg-recent-on-s1-r2 load 2.93->2.63 stmts=9904 errors=0 refusals=0 client_bound=False cores=['None'] stmt/s=1238.0 p50=149.2
pg-recent-on-s2-r0 load 2.63->2.28 stmts=11304 errors=0 refusals=0 client_bound=False cores=['None'] stmt/s=1413.0 p50=189.0
pg-recent-on-s2-r1 load 2.28->1.93 stmts=11366 errors=0 refusals=0 client_bound=False cores=['None'] stmt/s=1420.4 p50=289.7
pg-recent-on-s2-r2 load 1.93->1.79 stmts=11812 errors=0 refusals=0 client_bound=False cores=['None'] stmt/s=1476.3 p50=993.6
pg-recent-on-s4-r0 load 1.79->1.77 stmts=21604 errors=0 refusals=0 client_bound=False cores=['None'] stmt/s=2701.5 p50=374.9
pg-recent-on-s4-r1 load 1.77->1.65 stmts=22242 errors=0 refusals=0 client_bound=False cores=['None'] stmt/s=2779.9 p50=1001.8
pg-recent-on-s4-r2 load 1.65->1.44 stmts=21582 errors=0 refusals=0 client_bound=False cores=['None'] stmt/s=2697.1 p50=389.2
pg-recent-on-s8-r0 load 1.44->1.27 stmts=40472 errors=0 refusals=0 client_bound=False cores=['None'] stmt/s=5051.6 p50=2011.3
pg-recent-on-s8-r1 load 1.27->1.39 stmts=40490 errors=0 refusals=0 client_bound=False cores=['None'] stmt/s=5057.7 p50=1828.5
pg-recent-on-s8-r2 load 1.39->1.53 stmts=41362 errors=0 refusals=0 client_bound=False cores=['None'] stmt/s=5166.9 p50=1876.5
pg-recent-on-s16-r0 load 1.53->1.34 stmts=80216 errors=0 refusals=0 client_bound=False cores=['None'] stmt/s=10014.6 p50=1486.3
pg-recent-on-s16-r1 load 1.34->2.41 stmts=79600 errors=0 refusals=0 client_bound=False cores=['None'] stmt/s=9937.3 p50=1539.9
pg-recent-on-s16-r2 load 2.41->3.39 stmts=79620 errors=0 refusals=0 client_bound=False cores=['None'] stmt/s=9941.5 p50=1581.6
pg-recent-on-s1-r0 load 3.39->3.18 stmts=9500 errors=0 refusals=0 client_bound=False cores=['None'] stmt/s=1187.5 p50=179.3
pg-recent-on-s1-r1 load 3.18->2.63 stmts=10166 errors=0 refusals=0 client_bound=False cores=['None'] stmt/s=1270.9 p50=449.2
pg-recent-on-s1-r2 load 2.63->2.20 stmts=10058 errors=0 refusals=0 client_bound=False cores=['None'] stmt/s=1257.2 p50=1000.1
pg-recent-on-s2-r0 load 2.20->2.01 stmts=11354 errors=0 refusals=0 client_bound=False cores=['None'] stmt/s=1419.0 p50=166.9
pg-recent-on-s2-r1 load 2.01->1.72 stmts=11440 errors=0 refusals=0 client_bound=False cores=['None'] stmt/s=1430.6 p50=136.4
pg-recent-on-s2-r2 load 1.72->1.49 stmts=11628 errors=0 refusals=0 client_bound=False cores=['None'] stmt/s=1453.4 p50=1002.2
pg-recent-on-s4-r0 load 1.49->1.58 stmts=21948 errors=0 refusals=0 client_bound=False cores=['None'] stmt/s=2743.5 p50=1607.9
pg-recent-on-s4-r1 load 1.58->1.38 stmts=22194 errors=0 refusals=0 client_bound=False cores=['None'] stmt/s=2773.1 p50=1002.7
pg-recent-on-s4-r2 load 1.38->1.40 stmts=22246 errors=0 refusals=0 client_bound=False cores=['None'] stmt/s=2780.2 p50=421.1
pg-recent-on-s8-r0 load 1.40->1.63 stmts=41466 errors=0 refusals=0 client_bound=False cores=['None'] stmt/s=5178.6 p50=1453.3
pg-recent-on-s8-r1 load 1.63->1.42 stmts=41196 errors=0 refusals=0 client_bound=False cores=['None'] stmt/s=5147.0 p50=1894.5
pg-recent-on-s8-r2 load 1.42->1.36 stmts=41600 errors=0 refusals=0 client_bound=False cores=['None'] stmt/s=5199.2 p50=1750.3
pg-recent-on-s16-r0 load 1.36->2.81 stmts=81472 errors=0 refusals=0 client_bound=False cores=['None'] stmt/s=10171.2 p50=1604.7
pg-recent-on-s16-r1 load 2.81->2.86 stmts=80098 errors=0 refusals=0 client_bound=False cores=['None'] stmt/s=10000.1 p50=1653.7
pg-recent-on-s16-r2 load 2.86->2.81 stmts=82624 errors=0 refusals=0 client_bound=False cores=['None'] stmt/s=10311.6 p50=1618.5
